strategie,groupe,ratio,ic_bas,ic_haut
Décisions réelles (oui),Asiatiques,0.8037202560695736,0.6464451933878992,1.0449176951806771
Décisions réelles (oui),Latinos,1.1470377975511445,0.718984962406015,1.5237678017839664
Décisions réelles (oui),Noirs,1.0510187963986732,0.8307692307692308,1.2493164062500002
Logit,Asiatiques,0.4816387588669594,0.10972394790198553,0.8932940309506263
Logit,Latinos,1.9529559748427672,0.9811782420478072,2.3818133331972304
Logit,Noirs,0.35410740203193036,0.12570621468926552,0.5228571428571428
XGBoost,Asiatiques,0.9414159003101703,0.6369540077086748,1.3049199643800875
XGBoost,Latinos,1.7478329393223009,0.6635174418604651,2.422207197055067
XGBoost,Noirs,0.6897217675941081,0.13976342129208372,1.6479616306954434
TabICL,Asiatiques,0.6207788447618587,0.282487792811456,1.0209439884113953
TabICL,Latinos,1.363969252271139,0.11327405271168789,2.272389093885555
TabICL,Noirs,0.5472568940493469,0.12670349907918968,0.8495259002361275
Logit mitigé,Asiatiques,0.5581507616142318,0.12957323453874375,1.0637601438621838
Logit mitigé,Latinos,1.6165699836382568,0.8593276036400405,2.461926027710981
Logit mitigé,Noirs,0.5481618782823602,0.0,1.0045421390895792
XGBoost mitigé,Asiatiques,0.8377307995294981,0.5472965473960749,1.173712137827306
XGBoost mitigé,Latinos,1.3518049695264884,0.6795469686875416,1.9831179108414667
XGBoost mitigé,Noirs,1.0078545926647193,0.4629294755877034,1.7650684931506848
TabICL mitigé,Asiatiques,0.7627974114547004,0.3712714195049714,1.0669774909006937
TabICL mitigé,Latinos,0.902384960718294,0.1879319510898458,1.4138908575478384
TabICL mitigé,Noirs,0.5816433566433566,0.05696649029982363,1.2029900332225913
