model,replicate,auc,flip_rate_05,top3_change,spearman_scores
logit,0,0.5539759682319275,0.12869660460021906,0.31806615776081426,0.8794463862972948
logit,1,0.5803158929749996,0.13855421686746988,0.2620865139949109,0.8818562189916286
logit,2,0.5776967167848908,0.09309967141292443,0.2137404580152672,0.942533691625325
logit,3,0.5492653694458832,0.1801752464403067,0.3460559796437659,0.7839684127131127
logit,4,0.5659012402821706,0.1248630887185104,0.20865139949109412,0.8488178382049566
logit,5,0.5658167507276509,0.08214676889375684,0.13740458015267176,0.9632685755321218
logit,6,0.586875466070097,0.1429353778751369,0.24173027989821882,0.865790331974919
logit,7,0.5767073318566028,0.11226725082146768,0.2137404580152672,0.9038759754093454
logit,8,0.571427346942274,0.15772179627601315,0.31806615776081426,0.8412885739844209
logit,9,0.5987040037028466,0.1664841182913472,0.36895674300254455,0.8215088495988381
logit,10,0.5713379594425649,0.15717415115005476,0.3307888040712468,0.8185693257974446
logit,11,0.5430462035414593,0.18127053669222343,0.29007633587786263,0.7932761383737132
logit,12,0.5619620678634796,0.13636363636363635,0.18829516539440205,0.8870332105988381
logit,13,0.5783040619883943,0.17360350492880613,0.2926208651399491,0.8002833351823453
logit,14,0.5180777034514595,0.2289156626506024,0.33842239185750633,0.6721837710638638
logit,15,0.5784840614741101,0.1456736035049288,0.3078880407124682,0.8616981224162332
logit,16,0.5591004433864883,0.18565169769989048,0.29007633587786263,0.7651644464108109
logit,17,0.5641587962809902,0.11883899233296824,0.2951653944020356,0.8885358176567035
logit,18,0.5560575949374839,0.15826944140197152,0.35368956743002544,0.8050068706630901
logit,19,0.5702836767405154,0.1829134720700986,0.31806615776081426,0.7893759225505101
logit,20,0.5765959036035407,0.14457831325301204,0.36641221374045807,0.8538040679302181
logit,21,0.5727473431708563,0.13636363636363635,0.2595419847328244,0.8672584254531882
logit,22,0.5861542436409366,0.1796276013143483,0.33587786259541985,0.785563866050119
logit,23,0.584322412140047,0.1741511500547645,0.3918575063613231,0.7907264282177633
logit,24,0.593646875294642,0.13745892661555312,0.26717557251908397,0.836147446068282
logit,25,0.626062701045344,0.21358159912376778,0.43256997455470736,0.7287381629038098
logit,26,0.5778926345924726,0.1955093099671413,0.41730279898218825,0.7542136883022768
logit,27,0.5573016730156282,0.1588170865279299,0.34860050890585237,0.8506629005454917
logit,28,0.5575979986995956,0.15991237677984665,0.38422391857506366,0.8506184769505789
logit,29,0.5755171311755436,0.2316538882803943,0.43256997455470736,0.6680818407025644
logit,30,0.5697963311941557,0.09967141292442497,0.2315521628498728,0.9398025797033256
logit,31,0.591448922390834,0.1254107338444688,0.21628498727735368,0.8937721589817359
logit,32,0.6070733675454805,0.18784227820372398,0.3638676844783715,0.7825563123981548
logit,33,0.5797783434904472,0.171960569550931,0.3562340966921119,0.7909647889202952
logit,34,0.598178699081268,0.1823658269441402,0.4071246819338422,0.7977956237220596
logit,35,0.5548894350097775,0.25191675794085433,0.4631043256997456,0.6098356054502225
logit,36,0.5567812663392391,0.15826944140197152,0.3104325699745547,0.8394625925623983
logit,37,0.6287100404202927,0.19167579408543264,0.3893129770992366,0.7735804027476147
logit,38,0.5615616608442343,0.17634173055859803,0.34860050890585237,0.7699854776786783
logit,39,0.5871032205214107,0.140197152245345,0.2111959287531806,0.8713045420090509
logit,40,0.5931227951593607,0.15224534501642936,0.2111959287531806,0.8771200575048937
logit,41,0.5843811874823216,0.20920043811610076,0.4096692111959288,0.7503545986484446
logit,42,0.5692930673259301,0.1484118291347207,0.1806615776081425,0.8859919730945448
logit,43,0.5939652417319624,0.12267250821467689,0.2111959287531806,0.8728212907454956
logit,44,0.5862007741202373,0.10898138006571742,0.2290076335877863,0.9181483506922437
logit,45,0.5529669915228813,0.11883899233296824,0.34860050890585237,0.9080176266415032
logit,46,0.5653857315509709,0.1484118291347207,0.32061068702290074,0.8312644811466171
logit,47,0.5480788422237162,0.2157721796276013,0.3460559796437659,0.7284221146189945
logit,48,0.5488637379403405,0.1456736035049288,0.18320610687022898,0.8849717263744842
logit,49,0.5750738671358898,0.20481927710843373,0.34860050890585237,0.7537325657309039
logit,50,0.5627824736827283,0.16319824753559695,0.3638676844783715,0.8135758212379481
logit,51,0.5812709922869608,0.07940854326396495,0.15776081424936383,0.9548524102729585
logit,52,0.5297176701944117,0.17250821467688937,0.3893129770992366,0.776291875967821
logit,53,0.5927566737564423,0.1829134720700986,0.35368956743002544,0.7567932901233604
logit,54,0.5738028503592031,0.16593647316538881,0.3282442748091603,0.8356224222078947
logit,55,0.5766987604525211,0.16812705366922234,0.27226463104325704,0.8528537017974787
logit,56,0.6015264446183215,0.18072289156626506,0.38422391857506366,0.7772000516097355
logit,57,0.5695636787976524,0.16976998904709747,0.36641221374045807,0.857800581193425
logit,58,0.5599759510891194,0.11336254107338445,0.2468193384223919,0.9136252959250949
logit,59,0.5677073575708151,0.15498357064622126,0.2926208651399491,0.8263361544503873
logit,60,0.5677759288034687,0.12431544359255203,0.27735368956743,0.8809025436075534
logit,61,0.5838975153948539,0.1976998904709748,0.24173027989821882,0.7466112224172902
logit,62,0.5322817445011382,0.13581599123767799,0.26717557251908397,0.8743425451094292
logit,63,0.553847397170702,0.2059145673603505,0.24173027989821882,0.740635534426475
logit,64,0.5863599573388975,0.1254107338444688,0.28498727735368956,0.8735131844421529
logit,65,0.5933554475558641,0.19386637458926614,0.40203562340966925,0.769636328996642
logit,66,0.5953256460083584,0.13143483023001096,0.25699745547073793,0.8842893879193257
logit,67,0.6083578536714385,0.2004381161007667,0.3078880407124682,0.7125741099716546
logit,68,0.5620624757398653,0.19112814895947425,0.41984732824427484,0.749346595567037
logit,69,0.5465568057560651,0.1429353778751369,0.2468193384223919,0.8679554416895845
logit,70,0.5465898668860947,0.13964950711938665,0.23664122137404575,0.851362709640222
logit,71,0.55725391805003,0.14676889375684557,0.26972010178117045,0.854479679479594
logit,72,0.5837885361143866,0.16265060240963855,0.30534351145038163,0.8449440155828486
logit,73,0.6023921564305734,0.1171960569550931,0.2646310432569975,0.888678215983393
logit,74,0.5803501785913264,0.10733844468784227,0.3307888040712468,0.914514047700473
logit,75,0.5918811660538112,0.21029572836801752,0.38676844783715014,0.7529636250158015
logit,76,0.5570641226739352,0.20700985761226726,0.3893129770992366,0.7499695034947806
logit,77,0.5730963217656113,0.21412924424972618,0.4427480916030534,0.681312785326535
logit,78,0.5608845199217799,0.1851040525739321,0.4300254452926209,0.7813953032528989
logit,79,0.5586314651345894,0.14676889375684557,0.3104325699745547,0.8466276617490827
logit,80,0.5544633137782872,0.14074479737130338,0.2798982188295165,0.8133650343449387
logit,81,0.5506294471811712,0.12322015334063527,0.2951653944020356,0.888244286213679
logit,82,0.6057631672072774,0.20646221248630886,0.3104325699745547,0.7458269061991082
logit,83,0.593706875123214,0.1248630887185104,0.2620865139949109,0.8848771811229482
logit,84,0.5967631929214897,0.15553121577217963,0.2468193384223919,0.8616695591819514
logit,85,0.5959697258007834,0.19715224534501644,0.2824427480916031,0.7742944185627908
logit,86,0.5591530962972758,0.16593647316538881,0.2137404580152672,0.8568043920801572
logit,87,0.5496425112254781,0.20153340635268346,0.3409669211195929,0.7684851687667673
logit,88,0.5280266546177216,0.19441401971522454,0.36641221374045807,0.7743050322128466
logit,89,0.5766461075417335,0.11336254107338445,0.27226463104325704,0.9188682813753524
logit,90,0.5988729828118858,0.2157721796276013,0.5241730279898219,0.7116038272309648
logit,91,0.568262049863531,0.20481927710843373,0.2620865139949109,0.7254048441063481
logit,92,0.593088509543034,0.29353778751369114,0.4758269720101781,0.5802445145500503
logit,93,0.6060839826171925,0.2415115005476451,0.5089058524173028,0.6446122912226911
logit,94,0.596038297033437,0.1746987951807229,0.28753180661577604,0.8552967413211789
logit,95,0.5681151115078447,0.08433734939759036,0.21628498727735368,0.9428567979381529
logit,96,0.5931178972141712,0.1484118291347207,0.33333333333333337,0.8317620967585966
logit,97,0.6104945822603772,0.12267250821467689,0.18575063613231557,0.8923865247936021
logit,98,0.5674918479824751,0.140197152245345,0.27226463104325704,0.8587150560415749
logit,99,0.5954334008025284,0.12431544359255203,0.2646310432569975,0.8756307386974789
xgb,0,0.6135668183805189,0.1686746987951807,0.35114503816793896,0.8131923501599843
xgb,1,0.6032578682428255,0.25136911281489593,0.35368956743002544,0.6724443833145066
xgb,2,0.6446369336903934,0.18565169769989048,0.3460559796437659,0.8102105288493621
xgb,3,0.6057741875839538,0.21193866374589265,0.4758269720101781,0.7013734137083271
xgb,4,0.5929219794065894,0.22508214676889376,0.460559796437659,0.7135034281621574
xgb,5,0.6224614868447315,0.13362541073384446,0.28753180661577604,0.8799360963660294
xgb,6,0.6194553729846487,0.17579408543263966,0.3562340966921119,0.7813644753790788
xgb,7,0.5952154422415936,0.19605695509309967,0.33587786259541985,0.7945368921779048
xgb,8,0.600344815341344,0.21686746987951808,0.39949109414758266,0.6918718238658366
xgb,9,0.6373194035772142,0.20700985761226726,0.38422391857506366,0.7099773351268134
xgb,10,0.5969015598730942,0.22015334063526834,0.38422391857506366,0.6982034544573029
xgb,11,0.6025378702999624,0.23713033953997809,0.4631043256997456,0.693166726620978
xgb,12,0.5673583789760601,0.21412924424972618,0.36641221374045807,0.7008811998730802
xgb,13,0.6080431606930102,0.1976998904709748,0.4122137404580153,0.7701462907374886
xgb,14,0.5977905369249965,0.24808324205914567,0.45292620865139954,0.6283399238729297
xgb,15,0.5957952365034059,0.20262869660460023,0.35368956743002544,0.7316952109213845
xgb,16,0.5872636282263684,0.24260679079956188,0.3944020356234097,0.6793999868093122
xgb,17,0.5963689083337314,0.20920043811610076,0.3791348600508906,0.7578329291745068
xgb,18,0.5670596043194979,0.2343921139101862,0.47073791348600513,0.6613409745700837
xgb,19,0.589089337295771,0.2524644030668127,0.43256997455470736,0.6213406956784433
xgb,20,0.6060399011104867,0.2086527929901424,0.4300254452926209,0.7314638743799126
xgb,21,0.6264826998453473,0.19386637458926614,0.3791348600508906,0.7529491147666445
xgb,22,0.6021227694451485,0.20810514786418402,0.43511450381679384,0.7368197074687844
xgb,23,0.6024227685880081,0.22562979189485213,0.4910941475826972,0.6886594927951472
xgb,24,0.5923917768398212,0.18729463307776562,0.31806615776081426,0.7987169673855196
xgb,25,0.642272450650141,0.21960569550930997,0.41984732824427484,0.7408171510277809
xgb,26,0.6044223547116396,0.22234392113910187,0.5063613231552162,0.6906186582794194
xgb,27,0.5976117619255782,0.2212486308871851,0.4096692111959288,0.7095190856118742
xgb,28,0.6248798472820689,0.2316538882803943,0.4783715012722646,0.6635986349190415
xgb,29,0.5972358446322806,0.2661555312157722,0.45292620865139954,0.5807657482434815
xgb,30,0.6020701165343609,0.17086527929901424,0.361323155216285,0.8133940154239394
xgb,31,0.6131480440668129,0.19058050383351588,0.33587786259541985,0.7406346593177241
xgb,32,0.6025427682451518,0.21084337349397592,0.3562340966921119,0.7011145155436632
xgb,33,0.5961546232316888,0.21358159912376778,0.38167938931297707,0.7106488391837628
xgb,34,0.618945986684936,0.22289156626506024,0.4580152671755725,0.6891045131886058
xgb,35,0.5850730222403446,0.29244249726177435,0.5139949109414759,0.49680259357399653
xgb,36,0.5990333905168435,0.21193866374589265,0.4300254452926209,0.7230626786049041
xgb,37,0.6183300700773509,0.2497261774370208,0.4249363867684478,0.6446481903911431
xgb,38,0.5847987373097301,0.2497261774370208,0.5190839694656488,0.6075055140843849
xgb,39,0.638961439702009,0.17634173055859803,0.3231552162849872,0.7921115420709638
xgb,40,0.6204778190429661,0.19879518072289157,0.3638676844783715,0.7703576906008169
xgb,41,0.5642163471369673,0.2469879518072289,0.41984732824427484,0.5786592570183807
xgb,42,0.615270078820183,0.2004381161007667,0.43765903307888043,0.7545923659917659
xgb,43,0.6225325070499799,0.20427163198247536,0.3460559796437659,0.7606147560137918
xgb,44,0.6364181816623382,0.1829134720700986,0.33842239185750633,0.8000673232593827
xgb,45,0.5989537989075133,0.20700985761226726,0.4427480916030534,0.7343041580895784
xgb,46,0.6196206786347958,0.1949616648411829,0.3638676844783715,0.7525150943325104
xgb,47,0.6098260127420044,0.23001095290251916,0.455470737913486,0.6571289638059504
xgb,48,0.6190151701607383,0.19112814895947425,0.38422391857506366,0.80426866952465
xgb,49,0.600500325101112,0.20755750273822562,0.36895674300254455,0.7210584529038125
xgb,50,0.5942517715255506,0.21905805038335158,0.455470737913486,0.6821654822271743
xgb,51,0.6057313305635453,0.15826944140197152,0.30279898218829515,0.8294919030390343
xgb,52,0.566428993876344,0.2469879518072289,0.4631043256997456,0.6201037097490932
xgb,53,0.6076819372352814,0.21905805038335158,0.45292620865139954,0.6766376587332588
xgb,54,0.6119100884201556,0.20481927710843373,0.4223918575063613,0.7262112587914613
xgb,55,0.6300275876762801,0.21686746987951808,0.48346055979643765,0.7275684913644972
xgb,56,0.6408422506547942,0.2343921139101862,0.460559796437659,0.6821355160014624
xgb,57,0.6378924631643911,0.19989047097480833,0.46564885496183206,0.7446413782410958
xgb,58,0.609481932092439,0.19879518072289157,0.3256997455470738,0.7978276164365822
xgb,59,0.5968929884690126,0.21412924424972618,0.43765903307888043,0.6902809389219975
xgb,60,0.6157133428598367,0.19715224534501644,0.41730279898218825,0.7543027286467365
xgb,61,0.608851321649285,0.2316538882803943,0.4071246819338422,0.6541093143377574
xgb,62,0.5990284925716539,0.21084337349397592,0.38676844783715014,0.7337194395923786
xgb,63,0.5762946799743838,0.24589266155531217,0.4249363867684478,0.6148569400447768
xgb,64,0.6117300889344398,0.19167579408543264,0.3944020356234097,0.7617260061601052
xgb,65,0.6144539587029751,0.22727272727272727,0.40203562340966925,0.6673626376346198
xgb,66,0.6080174464807652,0.2059145673603505,0.361323155216285,0.7205562469128209
xgb,67,0.6107811120539656,0.23986856516976998,0.48091603053435117,0.6512230834767272
xgb,68,0.5983844127792288,0.2677984665936473,0.4732824427480916,0.6500463874158178
xgb,69,0.6227161799945878,0.19058050383351588,0.36895674300254455,0.7829437116106702
xgb,70,0.6026872576282435,0.2004381161007667,0.44529262086514,0.7553820925106729
xgb,71,0.6009142014696285,0.19058050383351588,0.3409669211195929,0.7754246116600207
xgb,72,0.6201827178452959,0.20646221248630886,0.40458015267175573,0.7357410594279115
xgb,73,0.6290835087409954,0.1955093099671413,0.4300254452926209,0.7651239154730682
xgb,74,0.6034795002626523,0.16812705366922234,0.35114503816793896,0.7972560068319581
xgb,75,0.6150655896085194,0.21139101861993428,0.38422391857506366,0.6948641439242481
xgb,76,0.5854171028899101,0.2656078860898138,0.5165394402035624,0.6317314906184128
xgb,77,0.5934460595418707,0.27491785323110624,0.5419847328244275,0.5971419697155705
xgb,78,0.5865019977493942,0.22234392113910187,0.4223918575063613,0.6596809287466103
xgb,79,0.5792016104443782,0.20372398685651696,0.3587786259541985,0.716839449153533
xgb,80,0.5624285971427836,0.19112814895947425,0.41730279898218825,0.751252450372255
xgb,81,0.5747273375137295,0.21412924424972618,0.3791348600508906,0.735917135282229
xgb,82,0.6037562341658615,0.20481927710843373,0.4249363867684478,0.737362467426953
xgb,83,0.6186019060353705,0.22070098576122674,0.3587786259541985,0.721772106061308
xgb,84,0.630366770380656,0.1823658269441402,0.3638676844783715,0.7962072796581733
xgb,85,0.6282165724424461,0.1927710843373494,0.37150127226463103,0.7811200066539798
xgb,86,0.5954370742614205,0.18565169769989048,0.3409669211195929,0.7682194037577592
xgb,87,0.6117031502358973,0.20810514786418402,0.44783715012722647,0.7337037782992787
xgb,88,0.5943191182719071,0.2475355969331873,0.5063613231552162,0.651678055275781
xgb,89,0.6151953851560424,0.16976998904709747,0.33587786259541985,0.7959700877382752
xgb,90,0.6064329612119476,0.2573932092004381,0.5089058524173028,0.6067168196649535
xgb,91,0.5968942129553099,0.22070098576122674,0.44529262086514,0.6834182161721131
xgb,92,0.6050541896410908,0.22727272727272727,0.48600508905852413,0.6633865846370469
xgb,93,0.6290333048028026,0.2677984665936473,0.4783715012722646,0.6251748565586628
xgb,94,0.6221933243456039,0.1976998904709748,0.34860050890585237,0.7491025092092753
xgb,95,0.5884734206881858,0.16374589266155531,0.3231552162849872,0.8280587449270114
xgb,96,0.6280635116552727,0.22453450164293537,0.43765903307888043,0.7029732031697757
xgb,97,0.6391916431259177,0.18127053669222343,0.33587786259541985,0.7837074548893386
xgb,98,0.5949019737494627,0.20481927710843373,0.41984732824427484,0.7406024616227732
xgb,99,0.6177827247024192,0.2677984665936473,0.48346055979643765,0.6081567605563256
logit_mitigated,0,0.5463731328114573,0.10569550930996714,0.2951653944020356,0.925213007062635
logit_mitigated,1,0.5760583541189882,0.14074479737130338,0.26717557251908397,0.8699703795890146
logit_mitigated,2,0.5682338866786911,0.09529025191675794,0.16793893129770987,0.9435658153844264
logit_mitigated,3,0.5367523439728947,0.18893756845564075,0.32061068702290074,0.7697091069034772
logit_mitigated,4,0.5553241276453496,0.13362541073384446,0.20101781170483457,0.8432024171134412
logit_mitigated,5,0.5573984074331216,0.0728368017524644,0.15776081424936383,0.9660571115384984
logit_mitigated,6,0.5822052753318664,0.1593647316538883,0.30025445292620867,0.86199707060302
logit_mitigated,7,0.5639543070693267,0.12157721796276014,0.3129770992366412,0.8939740528777069
logit_mitigated,8,0.5600347264313938,0.14238773274917854,0.35368956743002544,0.8645596353969761
logit_mitigated,9,0.5951346261459661,0.1593647316538883,0.3740458015267175,0.8454971434425195
logit_mitigated,10,0.5678555204127989,0.1593647316538883,0.30279898218829515,0.8415116360515338
logit_mitigated,11,0.5307352183075396,0.17360350492880613,0.31806615776081426,0.7936404181590878
logit_mitigated,12,0.5559400442529348,0.140197152245345,0.22391857506361323,0.886692852423626
logit_mitigated,13,0.5724057114938856,0.13745892661555312,0.19083969465648853,0.82105766796674
logit_mitigated,14,0.5080209974910276,0.21358159912376778,0.35368956743002544,0.7018756059025592
logit_mitigated,15,0.5698416371871591,0.14786418400876233,0.34860050890585237,0.8577549868449127
logit_mitigated,16,0.5420286554283315,0.20208105147864183,0.38167938931297707,0.7561226966525438
logit_mitigated,17,0.5523902584768126,0.11664841182913473,0.23409669211195927,0.8864384441187259
logit_mitigated,18,0.5470588451379935,0.1692223439211391,0.33842239185750633,0.7977499702445777
logit_mitigated,19,0.5625069642658164,0.2009857612267251,0.40458015267175573,0.7674800984822553
logit_mitigated,20,0.5664045041503963,0.15005476451259583,0.3104325699745547,0.8556547317551465
logit_mitigated,21,0.562188597828496,0.13253012048192772,0.3104325699745547,0.8623869000161888
logit_mitigated,22,0.5832926191639453,0.18893756845564075,0.3307888040712468,0.8041121094134278
logit_mitigated,23,0.5740428496734907,0.18838992332968238,0.33333333333333337,0.7813628808678633
logit_mitigated,24,0.5885150532222969,0.13855421686746988,0.20865139949109412,0.8719224495969262
logit_mitigated,25,0.6221933243456039,0.2322015334063527,0.4122137404580153,0.7058711297410069
logit_mitigated,26,0.5707734712594699,0.21139101861993428,0.46819338422391854,0.7331884594737801
logit_mitigated,27,0.5505449576266517,0.1566265060240964,0.361323155216285,0.848696744046039
logit_mitigated,28,0.5463498675718069,0.1741511500547645,0.3969465648854962,0.8411244378775152
logit_mitigated,29,0.5772314119918841,0.21796276013143484,0.4427480916030534,0.6999963275982419
logit_mitigated,30,0.5568106540103763,0.10624315443592552,0.23918575063613234,0.9334327084362083
logit_mitigated,31,0.5813811960537256,0.14348302300109528,0.3409669211195929,0.8834817492645402
logit_mitigated,32,0.6083003028154613,0.17798466593647316,0.3231552162849872,0.807814619642678
logit_mitigated,33,0.5810762989656764,0.1538882803943045,0.3104325699745547,0.8619695342418447
logit_mitigated,34,0.594734219126721,0.2004381161007667,0.36641221374045807,0.7754382251198043
logit_mitigated,35,0.546074358154895,0.26451259583789705,0.37150127226463103,0.6187832317436041
logit_mitigated,36,0.5463425206540227,0.16538882803943045,0.32061068702290074,0.8335754285230412
logit_mitigated,37,0.6211647558557996,0.2031763417305586,0.3587786259541985,0.767881467899338
logit_mitigated,38,0.5533931127543716,0.17086527929901424,0.3155216284987278,0.7931905393352883
logit_mitigated,39,0.5823718054683109,0.1303395399780942,0.3282442748091603,0.89281024496122
logit_mitigated,40,0.5894285200001469,0.15279299014238773,0.2748091603053435,0.8750376495091395
logit_mitigated,41,0.587348117780888,0.20700985761226726,0.361323155216285,0.7538173271089251
logit_mitigated,42,0.565322058263507,0.14950711938663747,0.18320610687022898,0.8772854471459566
logit_mitigated,43,0.5898423963686634,0.12376779846659365,0.2646310432569975,0.9105306571266015
logit_mitigated,44,0.5749893775813701,0.10679079956188389,0.25699745547073793,0.9181980643589761
logit_mitigated,45,0.5397376415659221,0.13253012048192772,0.3155216284987278,0.897994678934745
logit_mitigated,46,0.5540384170330942,0.15060240963855423,0.3256997455470738,0.8250306932322286
logit_mitigated,47,0.5413845756359064,0.21467688937568455,0.3155216284987278,0.741329868178614
logit_mitigated,48,0.5364535693163326,0.13362541073384446,0.28498727735368956,0.8869988901738761
logit_mitigated,49,0.5652069565515527,0.21029572836801752,0.28753180661577604,0.7546840296915134
logit_mitigated,50,0.549547001294282,0.1664841182913472,0.2951653944020356,0.8134668918790571
logit_mitigated,51,0.5721840794740586,0.08105147864184009,0.16793893129770987,0.9536417525028366
logit_mitigated,52,0.5175585212613678,0.16046002190580505,0.33842239185750633,0.8156384604481762
logit_mitigated,53,0.5899819878065654,0.17798466593647316,0.3129770992366412,0.7726294334993845
logit_mitigated,54,0.562049006390594,0.16046002190580505,0.38676844783715014,0.8361629871324766
logit_mitigated,55,0.568950211162662,0.16319824753559695,0.2595419847328244,0.8465354875692302
logit_mitigated,56,0.5973533953168297,0.18893756845564075,0.40458015267175573,0.7794482927138252
logit_mitigated,57,0.5597763598226455,0.1664841182913472,0.28498727735368956,0.873247119846365
logit_mitigated,58,0.5495763889654193,0.11281489594742607,0.20356234096692116,0.9106684256549659
logit_mitigated,59,0.5533967862132638,0.15772179627601315,0.36641221374045807,0.8247676757493443
logit_mitigated,60,0.5591163617083543,0.11336254107338445,0.20356234096692116,0.885045066006531
logit_mitigated,61,0.5790558965749895,0.20208105147864183,0.26972010178117045,0.75033035577088
logit_mitigated,62,0.5242589102806645,0.1380065717415115,0.27735368956743,0.8793638560523955
logit_mitigated,63,0.5423911033723576,0.21796276013143484,0.30279898218829515,0.7393374111134523
logit_mitigated,64,0.5786052856175512,0.13855421686746988,0.28498727735368956,0.8702899480184908
logit_mitigated,65,0.5807665039324377,0.19441401971522454,0.44783715012722647,0.7806447279957758
logit_mitigated,66,0.5890048477412515,0.14348302300109528,0.28753180661577604,0.8724278722038679
logit_mitigated,67,0.6025770538614788,0.21303395399780942,0.3104325699745547,0.7182557968994787
logit_mitigated,68,0.5551857606937449,0.19058050383351588,0.3765903307888041,0.757098409403615
logit_mitigated,69,0.5391780513280167,0.1456736035049288,0.30279898218829515,0.8690432353736299
logit_mitigated,70,0.5354543884976655,0.13198247535596933,0.2442748091603053,0.8488915444366155
logit_mitigated,71,0.5528347470027637,0.15443592552026286,0.20865139949109412,0.8535352104760962
logit_mitigated,72,0.5768640661026683,0.1768893756845564,0.3104325699745547,0.828430735130031
logit_mitigated,73,0.5981774745949705,0.14238773274917854,0.2468193384223919,0.875936175303204
logit_mitigated,74,0.5696824539684988,0.10569550930996714,0.3282442748091603,0.9112805563425045
logit_mitigated,75,0.5837395566624911,0.20481927710843373,0.36641221374045807,0.779086374145306
logit_mitigated,76,0.5576322843159224,0.2157721796276013,0.3944020356234097,0.7451158763969002
logit_mitigated,77,0.5685730693830671,0.21741511500547644,0.40458015267175573,0.6865122144067684
logit_mitigated,78,0.5590833005783249,0.18455640744797372,0.33587786259541985,0.8048239926437648
logit_mitigated,79,0.5482257805794024,0.14403066812705367,0.3944020356234097,0.8469512016743548
logit_mitigated,80,0.5463694593525651,0.12705366922234393,0.22646310432569972,0.8691418762917984
logit_mitigated,81,0.5401747831740888,0.1276013143483023,0.3256997455470738,0.8830839670049507
logit_mitigated,82,0.6018901170486451,0.20372398685651696,0.30025445292620867,0.7545851561993976
logit_mitigated,83,0.5905611698252291,0.1221248630887185,0.23918575063613234,0.9036925376357738
logit_mitigated,84,0.5912407597202783,0.140197152245345,0.17048346055979646,0.8869945481365368
logit_mitigated,85,0.5874068931231625,0.19934282584884994,0.2748091603053435,0.8076134845684844
logit_mitigated,86,0.549766184341514,0.156078860898138,0.27735368956743,0.8733569873849081
logit_mitigated,87,0.5488429216732851,0.1927710843373494,0.3587786259541985,0.7884909707969162
logit_mitigated,88,0.5184181106421328,0.19167579408543264,0.3155216284987278,0.7795061957428568
logit_mitigated,89,0.5642065512465883,0.11062431544359255,0.2468193384223919,0.916789823194772
logit_mitigated,90,0.6002395095197687,0.22179627601314347,0.3638676844783715,0.7037941261330802
logit_mitigated,91,0.561442885673388,0.20262869660460023,0.24936386768447838,0.7432061210506496
logit_mitigated,92,0.5945566686135998,0.2913472070098576,0.3765903307888041,0.6071318229380046
logit_mitigated,93,0.5986831874357911,0.2502738225629792,0.49872773536895676,0.6587121951849259
logit_mitigated,94,0.5850399611103152,0.16429353778751368,0.3256997455470738,0.8824690395171467
logit_mitigated,95,0.5587073832850273,0.08433734939759036,0.2442748091603053,0.9506526017571993
logit_mitigated,96,0.5852285320001127,0.1686746987951807,0.32061068702290074,0.8220511233506433
logit_mitigated,97,0.6037929687547832,0.11610076670317634,0.16030534351145043,0.9271431717582497
logit_mitigated,98,0.5632722682016827,0.14129244249726178,0.2798982188295165,0.8697745188189153
logit_mitigated,99,0.5905464759896605,0.15169769989047097,0.2977099236641222,0.8654596867184581
xgb_mitigated,0,0.6261202519013211,0.18072289156626506,0.3409669211195929,0.7998280440868553
xgb_mitigated,1,0.6040562333087212,0.22782037239868566,0.36641221374045807,0.6621140917614102
xgb_mitigated,2,0.6322034998267352,0.16757940854326397,0.33333333333333337,0.8246947007459439
xgb_mitigated,3,0.60594928912448,0.21358159912376778,0.4758269720101781,0.6719659833008456
xgb_mitigated,4,0.5836103733581169,0.23329682365826945,0.43765903307888043,0.6703273149011716
xgb_mitigated,5,0.6160206889204807,0.15717415115005476,0.28753180661577604,0.8529113939331853
xgb_mitigated,6,0.6257088245053994,0.192223439211391,0.361323155216285,0.766004354092753
xgb_mitigated,7,0.5923366749564389,0.18619934282584885,0.35368956743002544,0.7631574731835954
xgb_mitigated,8,0.5933297333436189,0.21960569550930997,0.44783715012722647,0.6747444062824431
xgb_mitigated,9,0.6308639118173949,0.22836801752464403,0.4071246819338422,0.6924478582883575
xgb_mitigated,10,0.5930064689611091,0.21796276013143484,0.40203562340966925,0.6727650719066166
xgb_mitigated,11,0.5937619770065964,0.22836801752464403,0.4732824427480916,0.6552409521528131
xgb_mitigated,12,0.5738775440233436,0.19386637458926614,0.3460559796437659,0.7373780091133015
xgb_mitigated,13,0.6065750016224444,0.20700985761226726,0.39949109414758266,0.7328987965061972
xgb_mitigated,14,0.5933603455010537,0.244249726177437,0.49872773536895676,0.6126840233351493
xgb_mitigated,15,0.5934448350555733,0.21522453450164294,0.3969465648854962,0.7010702811614534
xgb_mitigated,16,0.5916154525272785,0.2294633077765608,0.4274809160305344,0.6695320772319935
xgb_mitigated,17,0.5870762818228683,0.1900328587075575,0.4274809160305344,0.7544498494071371
xgb_mitigated,18,0.5567286134284515,0.24589266155531217,0.5012722646310432,0.587142452848527
xgb_mitigated,19,0.5937436097121356,0.25191675794085433,0.4783715012722646,0.5913359739838445
xgb_mitigated,20,0.6181439481601481,0.22562979189485213,0.4580152671755725,0.7011428501459289
xgb_mitigated,21,0.630737789728764,0.20700985761226726,0.4096692111959288,0.7452888798782907
xgb_mitigated,22,0.6112274373093628,0.22343921139101863,0.44783715012722647,0.7196589809204162
xgb_mitigated,23,0.5873199545960481,0.2393209200438116,0.43256997455470736,0.6556002375112162
xgb_mitigated,24,0.6072043875793008,0.19879518072289157,0.3256997455470738,0.7644661884660517
xgb_mitigated,25,0.6335455368086703,0.22453450164293537,0.4122137404580153,0.7090049414819064
xgb_mitigated,26,0.5859032239499723,0.23548740416210295,0.5063613231552162,0.6315959118328919
xgb_mitigated,27,0.6021521571162858,0.21631982475355968,0.455470737913486,0.6778109371397212
xgb_mitigated,28,0.6144435505694474,0.2393209200438116,0.455470737913486,0.6452279203742686
xgb_mitigated,29,0.5927787145097952,0.28806133625410735,0.4936386768447837,0.5290383025393354
xgb_mitigated,30,0.5953666662993208,0.1774370208105148,0.41984732824427484,0.7712823872569001
xgb_mitigated,31,0.6147190599863592,0.19715224534501644,0.43256997455470736,0.7325795454021915
xgb_mitigated,32,0.6177827247024192,0.22015334063526834,0.3587786259541985,0.695429349861457
xgb_mitigated,33,0.5800330366403035,0.21796276013143484,0.4122137404580153,0.7040746635296776
xgb_mitigated,34,0.612190495782257,0.25958378970427165,0.44783715012722647,0.6443080096028402
xgb_mitigated,35,0.5928693264958018,0.2847754654983571,0.5368956743002544,0.48541311451742253
xgb_mitigated,36,0.586422406140064,0.24260679079956188,0.4402035623409669,0.6616204101968794
xgb_mitigated,37,0.6162013006493451,0.2497261774370208,0.4096692111959288,0.6511300887105181
xgb_mitigated,38,0.5662232801783832,0.25848849945235486,0.5318066157760815,0.5402722233707202
xgb_mitigated,39,0.6117527419309414,0.20974808324205915,0.39949109414758266,0.7650857717517239
xgb_mitigated,40,0.6208341445555053,0.20755750273822562,0.36641221374045807,0.7508631728294697
xgb_mitigated,41,0.5500808773199424,0.24315443592552027,0.4249363867684478,0.6197829173499448
xgb_mitigated,42,0.6196751682750294,0.20920043811610076,0.40458015267175573,0.7478789626777593
xgb_mitigated,43,0.6186961914802692,0.21248630887185105,0.34860050890585237,0.7503548371352889
xgb_mitigated,44,0.6313561553089441,0.19879518072289157,0.33333333333333337,0.792155930188495
xgb_mitigated,45,0.6133647781414502,0.20974808324205915,0.4274809160305344,0.7026387381818742
xgb_mitigated,46,0.6244414811876047,0.2212486308871851,0.3918575063613231,0.7135761883303015
xgb_mitigated,47,0.6070011228539347,0.2393209200438116,0.4936386768447837,0.6222408672288303
xgb_mitigated,48,0.6084380575239173,0.1851040525739321,0.38422391857506366,0.7815981928716519
xgb_mitigated,49,0.6079966302137095,0.22836801752464403,0.38167938931297707,0.6683555289935083
xgb_mitigated,50,0.6021105245821746,0.23384446878422782,0.46819338422391854,0.6568722277906106
xgb_mitigated,51,0.6024784827145392,0.1829134720700986,0.33333333333333337,0.7923661715144494
xgb_mitigated,52,0.5702481666378912,0.2672508214676889,0.49872773536895676,0.5828993067399314
xgb_mitigated,53,0.6032578682428255,0.24260679079956188,0.4885496183206107,0.6180931473934188
xgb_mitigated,54,0.6194100669916452,0.22179627601314347,0.45038167938931295,0.6806193102653086
xgb_mitigated,55,0.6396508254874375,0.20372398685651696,0.41475826972010177,0.7428526543488962
xgb_mitigated,56,0.6487916156974245,0.23329682365826945,0.48346055979643765,0.6704804861958369
xgb_mitigated,57,0.6366618544355179,0.20920043811610076,0.3918575063613231,0.7444604633035635
xgb_mitigated,58,0.6192827204167172,0.1746987951807229,0.3307888040712468,0.7998841239726555
xgb_mitigated,59,0.5919301455057067,0.23658269441401972,0.4783715012722646,0.6237739197931785
xgb_mitigated,60,0.5974758439465684,0.19879518072289157,0.455470737913486,0.7452012093549617
xgb_mitigated,61,0.624530868687314,0.20262869660460023,0.3562340966921119,0.7241943183909252
xgb_mitigated,62,0.5730167301562812,0.19879518072289157,0.3791348600508906,0.7270808586935635
xgb_mitigated,63,0.5618004356722246,0.25410733844468786,0.45038167938931295,0.5576406742860748
xgb_mitigated,64,0.6196414949018513,0.19441401971522454,0.3791348600508906,0.7580207346079715
xgb_mitigated,65,0.5931436114264164,0.23822562979189485,0.3765903307888041,0.6510270472906846
xgb_mitigated,66,0.6109451932178153,0.19660460021905804,0.3638676844783715,0.7071765988430282
xgb_mitigated,67,0.6111802945869134,0.2738225629791895,0.4758269720101781,0.6127178608735255
xgb_mitigated,68,0.5834677207044715,0.28148959474260676,0.48600508905852413,0.5697927359617293
xgb_mitigated,69,0.6283084089147501,0.1829134720700986,0.3409669211195929,0.7845986821975802
xgb_mitigated,70,0.5788207952058911,0.22343921139101863,0.47073791348600513,0.6673839296477605
xgb_mitigated,71,0.5933689169051355,0.192223439211391,0.3256997455470738,0.743906777660612
xgb_mitigated,72,0.6217647541415188,0.21303395399780942,0.36895674300254455,0.7476975599261378
xgb_mitigated,73,0.6191737411362498,0.21139101861993428,0.41475826972010177,0.7172685461154594
xgb_mitigated,74,0.6192827204167172,0.19386637458926614,0.3460559796437659,0.7733584325954751
xgb_mitigated,75,0.6120239656458124,0.2212486308871851,0.4300254452926209,0.6859185654641828
xgb_mitigated,76,0.5907350468794579,0.276013143483023,0.5241730279898219,0.5908997184746567
xgb_mitigated,77,0.5934754472130079,0.2672508214676889,0.48600508905852413,0.5968776573082505
xgb_mitigated,78,0.5743624405971085,0.21193866374589265,0.41984732824427484,0.6855384450278337
xgb_mitigated,79,0.5795799767102706,0.19934282584884994,0.38167938931297707,0.7116198097914666
xgb_mitigated,80,0.5649461409702095,0.22289156626506024,0.4402035623409669,0.6875520406996523
xgb_mitigated,81,0.5840297599149717,0.21193866374589265,0.4223918575063613,0.7054206832790983
xgb_mitigated,82,0.6084962206230431,0.22289156626506024,0.46564885496183206,0.6888004799104274
xgb_mitigated,83,0.6304757496611234,0.19167579408543264,0.31806615776081426,0.7423975560420061
xgb_mitigated,84,0.639671641754493,0.20372398685651696,0.3944020356234097,0.7667272743533192
xgb_mitigated,85,0.6328255388658073,0.2415115005476451,0.455470737913486,0.7212788699350154
xgb_mitigated,86,0.6025513396492337,0.18784227820372398,0.3791348600508906,0.7751786532668491
xgb_mitigated,87,0.6074003053868826,0.2289156626506024,0.43256997455470736,0.6992547478283714
xgb_mitigated,88,0.6004452232177295,0.2677984665936473,0.49872773536895676,0.5960845998573857
xgb_mitigated,89,0.6189276193904754,0.18729463307776562,0.41984732824427484,0.7724769221479157
xgb_mitigated,90,0.5674465419894719,0.26944140197152244,0.48091603053435117,0.5815902268288288
xgb_mitigated,91,0.584563635940632,0.2267250821467689,0.45038167938931295,0.6728503460672499
xgb_mitigated,92,0.5994215526731148,0.23986856516976998,0.4732824427480916,0.670641277574025
xgb_mitigated,93,0.6374112400495182,0.2667031763417306,0.4783715012722646,0.6036102887462221
xgb_mitigated,94,0.6119468230090772,0.18619934282584885,0.3638676844783715,0.7776031594185265
xgb_mitigated,95,0.6106415206160636,0.17853231106243153,0.3944020356234097,0.8169171796043192
xgb_mitigated,96,0.6116651911606783,0.23384446878422782,0.43765903307888043,0.6427258721098036
xgb_mitigated,97,0.6338185972529875,0.1851040525739321,0.3409669211195929,0.7942273303410624
xgb_mitigated,98,0.5838497604292558,0.21303395399780942,0.43256997455470736,0.7356179026533746
xgb_mitigated,99,0.5929954485844326,0.2710843373493976,0.5139949109414759,0.5727312210642224
