Y,p_star,model,valeur_ajoutee_pour_1000,ic_bas,ic_haut,part_montree
0.25,0.07692307692307693,logit_mitigated,-9.583789704271632,-25.00097049689441,-4.090909090909091,0.988499452354874
0.25,0.07692307692307693,xgb_mitigated,0.2738225629791895,0.0,1.079913606911447,0.9989047097480832
0.25,0.07692307692307693,tabicl_mitigated,0.13691128148959475,0.0,0.9270025839793223,0.9994523548740416
0.5,0.14285714285714285,logit_mitigated,-20.810514786418402,-45.22613065326633,6.392045454545454,0.9342825848849945
0.5,0.14285714285714285,xgb_mitigated,-1.9167579408543265,-22.729630328178047,4.759399185303854,0.976998904709748
0.5,0.14285714285714285,tabicl_mitigated,-0.8214676889375685,-12.609881836693722,5.398110661268556,0.9709748083242059
1.0,0.25,logit_mitigated,-69.00328587075575,-157.97101449275362,-39.9455642870255,0.7864184008762322
1.0,0.25,xgb_mitigated,6.024096385542169,-50.19305019305019,21.1864406779661,0.8428258488499453
1.0,0.25,tabicl_mitigated,-4.928806133625411,-102.24089635854342,21.84873949579832,0.8428258488499453
1.5,0.3333333333333333,logit_mitigated,-31.215772179627603,-165.13761467889907,4.261363636363637,0.6429353778751369
1.5,0.3333333333333333,xgb_mitigated,34.50164293537787,-145.65217391304347,84.03805496828753,0.663198247535597
1.5,0.3333333333333333,tabicl_mitigated,54.21686746987952,-125.72254335260115,97.81170702750192,0.6861993428258488
2.0,0.4,logit_mitigated,90.36144578313252,-73.3450184501845,123.97485017123286,0.5427163198247535
2.0,0.4,xgb_mitigated,111.71960569550932,-176.65289256198346,182.2001527883881,0.5251916757940854
2.0,0.4,tabicl_mitigated,158.26944140197153,-92.43697478991596,214.78148668658412,0.5416210295728368
2.5,0.45454545454545453,logit_mitigated,82.42059145673603,-62.33553946253576,163.33333333333334,0.45618838992332966
2.5,0.45454545454545453,xgb_mitigated,159.63855421686748,-159.4311377245509,295.3395953757225,0.41566265060240964
2.5,0.45454545454545453,tabicl_mitigated,175.52026286966046,-2.100840336134454,254.9099836333879,0.43099671412924423
3.0,0.5,logit_mitigated,3.285870755750274,-137.46630727762803,142.94425087107967,0.38116100766703176
3.0,0.5,xgb_mitigated,29.572836801752466,-150.98039215686273,158.21501014198782,0.3198247535596933
3.0,0.5,tabicl_mitigated,77.21796276013143,-39.21568627450981,166.45408163265307,0.3357064622124863
4.0,0.5714285714285714,logit_mitigated,-117.1960569550931,-291.10512129380055,107.78443113772455,0.28806133625410735
4.0,0.5714285714285714,xgb_mitigated,-13.143483023001096,-146.05263157894737,85.96491228070175,0.1949616648411829
4.0,0.5714285714285714,tabicl_mitigated,3.833515881708653,-69.65972744076771,49.8812351543943,0.21084337349397592
6.0,0.6666666666666666,logit_mitigated,-251.36911281489594,-411.7647058823529,-98.43269707065853,0.1741511500547645
6.0,0.6666666666666666,xgb_mitigated,-70.6462212486309,-234.13379802788165,-28.80658436213992,0.0783132530120482
6.0,0.6666666666666666,tabicl_mitigated,-73.93209200438116,-192.2110552763819,-44.4364161849711,0.0887185104052574
