strategie,seuil,part_montree,pnl_test,pnl_pour_1000,vs_montrer_tout_pour_1000,ic_bas,ic_haut
Montrer tout le monde,,1.0,523.0,286.4184008762322,0.0,,
Ne montrer personne,,0.0,-783.0,-428.8061336254108,-715.224534501643,,
Oracle (parfait),,0.42880613362541076,1566.0,857.6122672508216,571.1938663745893,,
Logit — seuil optimisé (CV train),0.1,0.9616648411829135,505.0,276.5607886089814,-9.857612267250822,-24.604569420035148,8.086253369272237
Logit — règle p > p*,0.25,0.7667031763417306,401.0,219.60569550930998,-66.81270536692223,-123.18840579710145,-31.372549019607842
XGBoost — seuil optimisé (CV train),0.1,0.9928806133625411,536.0,293.5377875136911,7.119386637458927,1.2936610608020698,15.672434953527219
XGBoost — règle p > p*,0.25,0.8132530120481928,500.0,273.8225629791895,-12.595837897042717,-68.54130052724078,50.028801843317815
TabICL — seuil optimisé (CV train),0.35,0.6451259583789705,375.0,205.36692223439212,-81.05147864184009,-218.48739495798318,-33.17526387055977
TabICL — règle p > p*,0.25,0.8576122672508215,535.0,292.99014238773276,6.571741511500548,-83.33333333333333,39.73988439306358
Logit mitigé — seuil optimisé (CV train),0.05,0.9956188389923329,527.0,288.60898138006576,2.190580503833516,-7.9086115992970125,9.569377990430622
Logit mitigé — règle p > p*,0.25,0.7864184008762322,397.0,217.41511500547645,-69.00328587075575,-157.97101449275362,-39.9455642870255
XGBoost mitigé — seuil optimisé (CV train),0.1,0.9956188389923329,531.0,290.79956188389923,4.381161007667032,1.4534883720930232,10.643238258349225
XGBoost mitigé — règle p > p*,0.25,0.8428258488499453,534.0,292.4424972617744,6.024096385542169,-50.19305019305019,21.1864406779661
TabICL mitigé — seuil optimisé (CV train),0.35,0.6538882803943045,391.0,214.12924424972618,-72.28915662650603,-230.4964539007092,-28.509114574464768
TabICL mitigé — règle p > p*,0.25,0.8428258488499453,514.0,281.4895947426068,-4.928806133625411,-102.24089635854342,21.84873949579832
