,logit_mitigated,xgb_mitigated,tabicl_mitigated
1,0.2786885245901639,0.20765027322404372,0.18032786885245902
2,0.3770491803278688,0.3114754098360656,0.33879781420765026
3,0.3901098901098901,0.36813186813186816,0.34615384615384615
4,0.3770491803278688,0.46994535519125685,0.44808743169398907
5,0.45604395604395603,0.4065934065934066,0.3956043956043956
6,0.43169398907103823,0.43169398907103823,0.4808743169398907
7,0.43956043956043955,0.5494505494505495,0.44505494505494503
8,0.4918032786885246,0.4262295081967213,0.5081967213114754
9,0.5274725274725275,0.5769230769230769,0.554945054945055
10,0.5191256830601093,0.5409836065573771,0.5901639344262295
