k,strategie,precision,gain_vs_hasard_pp,ic_bas,ic_haut,eur_pour_1000_montres,gain_eur_pour_1000_vs_hasard,gain_eur_ic_bas,gain_eur_ic_haut
1,Hasard,0.44207513057452796,0.0,,,326.22539172358387,0.0,,
1,Oracle,0.9007633587786259,45.8688228204098,,,1702.2900763358778,1376.0646846122938,,
1,Logit,0.5343511450381679,9.227601446364,-4.241452991452997,19.36771118547815,603.0534351145038,276.82804339092,-127.24358974358991,581.0313355643445
1,XGBoost,0.4198473282442748,-2.2227802330253144,-13.472802695488017,5.046615537538005,259.5419847328243,-66.68340699075942,-404.1840808646406,151.39846612614014
1,TabICL,0.48854961832061067,4.647448774608273,-5.340720221606642,12.004182295064135,465.64885496183194,139.4234632382482,-160.22160664819924,360.1254688519241
1,Logit mitigé,0.45038167938931295,0.8306548814785024,-9.702380952380944,7.045636968237583,351.1450381679389,24.91964644435507,-291.0714285714283,211.3691090471275
1,XGBoost mitigé,0.4732824427480916,3.120731217356365,-5.205320994794679,9.778645833333327,419.8473282442748,93.62193652069095,-156.15962984384038,293.3593749999998
1,TabICL mitigé,0.4122137404580153,-2.9861390116512685,-8.333333333333337,3.419166195057534,236.64122137404587,-89.58417034953806,-250.00000000000014,102.57498585172601
2,Hasard,0.44207513057452796,0.0,,,326.22539172358387,0.0,,
2,Oracle,0.8778625954198473,43.57874648453194,,,1633.587786259542,1307.3623945359582,,
2,Logit,0.5458015267175572,10.37263961430293,5.1071771450515655,13.841374269005852,637.4045801526717,311.1791884290879,153.21531435154697,415.24122807017557
2,XGBoost,0.46564885496183206,2.357372438730411,-3.798853569567484,7.3878205128205074,396.9465648854962,70.72117316191233,-113.96560708702452,221.63461538461522
2,TabICL,0.5,5.792486942547205,0.920608358876288,12.272977415666084,500.0,173.77460827641613,27.61825076628864,368.1893224699825
2,Logit mitigé,0.4847328244274809,4.265769385295296,-0.27322404371584896,9.081371806579506,454.19847328244265,127.97308155885887,-8.19672131147547,272.44115419738523
2,XGBoost mitigé,0.4961832061068702,5.410807553234228,-3.6759684446014305,12.983091787439607,488.5496183206107,162.32422659702684,-110.27905333804291,389.4927536231882
2,TabICL mitigé,0.46946564885496184,2.739051828043388,-0.08187134502923261,7.479166666666659,408.39694656488547,82.17155484130163,-2.4561403508769786,224.37499999999977
3,Hasard,0.44207513057452796,0.0,,,326.22539172358387,0.0,,
3,Oracle,0.842239185750636,40.016405517610806,,,1526.7175572519084,1200.4921655283242,,
3,Logit,0.5190839694656488,7.700883889112091,3.8789682539682535,11.458333333333332,557.2519083969465,231.02651667336272,116.3690476190476,343.75
3,XGBoost,0.49109414758269726,4.9019017008169214,1.1516414799374664,8.452380952380938,473.28244274809185,147.05705102450764,34.54924439812399,253.57142857142816
3,TabICL,0.470737913486005,2.8662782911477116,-0.05980861244018066,5.824652777777772,412.2137404580151,85.98834873443136,-1.7942583732054198,174.73958333333317
3,Logit mitigé,0.5089058524173027,6.683072184277478,2.202380952380958,9.125186998504,526.717557251908,200.49216552832434,66.07142857142874,273.75560995512
3,XGBoost mitigé,0.4961832061068702,5.410807553234217,-1.1585895431648463,9.388025432709291,488.5496183206107,162.3242265970265,-34.75768629494539,281.6407629812787
3,TabICL mitigé,0.5012722646310431,5.919713405651534,3.4875729797566413,10.604166666666659,503.8167938931294,177.59140216954603,104.62718939269922,318.1249999999998
5,Hasard,0.44207513057452796,0.0,,,326.22539172358387,0.0,,
5,Oracle,0.7282442748091603,28.616914423463236,,,1184.7328244274809,858.5074327038969,,
5,Logit,0.4824427480916031,4.036761751707512,1.4450354609929164,6.410081585081576,447.3282442748093,121.10285255122534,43.35106382978749,192.30244755244726
5,XGBoost,0.4854961832061068,4.342105263157893,0.42550682718364974,6.148937157709077,456.4885496183205,130.26315789473676,12.765204815509492,184.4681147312723
5,TabICL,0.47022900763358777,2.8153877059059846,1.0288910349267677,4.310897435897433,410.6870229007633,84.46163117717956,30.86673104780303,129.32692307692298
5,Logit mitigé,0.4793893129770993,3.7314182402571316,1.1945304437564546,5.83333333333333,438.1679389312979,111.94254720771396,35.835913312693634,174.99999999999994
5,XGBoost mitigé,0.4778625954198474,3.5787464845319437,-0.2594339622641496,7.033730158730156,433.5877862595422,107.3623945359583,-7.783018867924488,211.01190476190467
5,TabICL mitigé,0.5038167938931297,6.1741663318601825,3.069703829466133,8.812499999999996,511.4503816793892,185.22498995580548,92.09111488398399,264.3749999999999
