feature,label,coef_per_sd,odds_ratio_per_sd,or_ci_low,or_ci_high,significant_95,sign_stable_pct,ame_pp_per_sd,sd_original_units
attr1_1_B,B : cherche : physique,0.309229031244389,1.3623743610695038,1.1698402088716087,1.7134229129656344,True,1.0,6.279147373689255,12.799919012455728
movies_A,A : aime le cinéma,-0.2673604194359932,0.7653971577341238,0.6631289508067801,0.8031980072168828,True,1.0,-5.428971105249149,1.6930987095234105
field_cd_B_5,B : études = Ingénierie,-0.2412405849278738,0.7856525874782088,0.6088759259288583,1.0582241080976298,False,0.94,-4.8985865886568645,0.3269104511095375
intel1_1_B,B : cherche : intelligence,0.23832826882983893,1.2691257388728465,1.1408485106743356,1.5294216247960228,True,1.0,4.839449637948389,6.961484105751155
intel3_1_A,A : se note : intelligence,0.23126539376859334,1.2601936426129812,1.1281283755560814,1.4211346567912737,True,1.0,4.696032206496212,1.067290263125324
amb1_1_B,B : cherche : ambition,0.22238782305381669,1.249055696537858,1.0959116163580112,1.495699056812731,True,1.0,4.515765901569702,5.947813563843621
fun1_1_B,B : cherche : humour,0.21049189470304464,1.234285048934791,1.086268770182644,1.4756857062907762,True,0.995,4.27420938612626,6.138649389248933
amb3_1_B,B : se note : ambition,-0.2029908753866262,0.8162856896829496,0.7038358224620214,0.9429842167522494,True,1.0,-4.121895078665724,1.7093497787951293
yoga_A,A : aime le yoga,0.200460352684424,1.221965163641156,1.086207635961773,1.4091745037523322,True,0.99,4.070510753863968,2.661246492571322
field_cd_B_11,B : études = Travail social,-0.19755332760284228,0.8207363715574247,0.5927811205277207,1.115393271727575,False,0.925,-4.011481241554575,0.23390640034757754
career_c_A_4,A : carrière = Médecin,-0.19411549244302956,0.8235627834979631,0.5827123632143868,0.9573595865583427,True,0.99,-3.9416731982151565,0.2330379631824059
sports_A,A : aime le sport,-0.18892806996510897,0.8278460515485485,0.6740879069749327,1.0373306998815155,False,0.945,-3.8363383591886455,2.580703486772442
attr3_1_A,A : se note : physique,-0.18157763693151938,0.8339534971995376,0.712990341858572,1.0388871505978807,False,0.96,-3.687081828866736,1.3943168951158413
imprace_A,A : importance même origine,-0.18057011344977575,0.8347941483474218,0.7377214552989045,0.9392718872594229,True,1.0,-3.6666232438533486,2.7413258408114647
museums_A,A : aime les musées,-0.17794124765664038,0.8369915972619282,0.6669512860851075,1.0702852332391035,False,0.94,-3.6132419824810884,2.063229998078187
exphappy_A,A : optimisme sur la soirée,0.1670452040709022,1.1818076866193807,1.0445689057059413,1.3428550906019479,True,0.985,3.3919889416858355,1.7221414854483592
shopping_A,A : aime le shopping,-0.1636475169647577,0.8490412417760873,0.689447522540611,1.0761630054591262,False,0.9,-3.322996137280275,2.5378574673448955
field_cd_B_9,B : études = Éducation,-0.15746311584764602,0.8543083234657287,0.6653101561978192,1.0840522761988614,False,0.905,-3.1974168348581085,0.2907735836010006
field_cd_A_4,A : études = Médecine/Pharma,0.15656482308858388,1.169486569593484,0.9979831227621105,1.3725012744326646,False,0.97,3.1791762686468092,0.1358237459048131
theater_A,A : aime le théâtre,0.15497263152116877,1.167626004520238,1.0222822688386828,1.4253146898387812,True,0.995,3.14684552189023,2.2326854205060407
date_A,A : fréquence de dates (1=souvent),-0.15367316826784158,0.8575522505024661,0.7800758110829984,0.9795772735746294,True,0.995,-3.1204588620041904,1.4056996654566938
career_c_B_NA,B : carrière = non renseigné,-0.15221877015109941,0.8588003802994065,0.7706546725016804,1.0427999208546266,False,0.765,-3.0909261235084227,0.10142155481582048
sports_B,B : aime le sport,0.15155824875869597,1.1636460807754025,1.0028463447454776,1.4223768359968612,True,0.975,3.077513698582841,2.580703486772442
movies_B,B : aime le cinéma,-0.15116779575099842,0.8597034319728717,0.7425270955543234,1.045704154526081,False,0.915,-3.0695852322031905,1.6930987095234105
field_cd_B_2,B : études = Maths,-0.1500966270263282,0.860624812790751,0.7157008789086855,0.9871642211512625,True,0.975,-3.0478342786875245,0.12566833593434795
field_cd_B_10,B : études = Sciences,-0.14946890436134033,0.861165216085744,0.5810019856347229,1.158317232334798,False,0.85,-3.0350878586395673,0.32333866425325064
gaming_A,A : aime les jeux vidéo,0.14703726862852587,1.1583971340978632,0.9929642605285707,1.2982792244550494,False,0.97,2.9857115143033726,2.628926318465599
tv_A,A : aime la TV,0.14488718540665477,1.1559091594902686,0.9842198942470389,1.440789517061267,False,0.97,2.9420523230511924,2.460518983928225
field_cd_A_9,A : études = Éducation,0.14462449818262843,1.1556055567999552,0.7721146523168717,1.6017154278464398,False,0.81,2.936718244985465,0.2907735836010006
age_B,B : âge,-0.14248771517823314,0.8671982076022348,0.601566760340871,1.271750560524163,False,0.845,-2.893329125483329,3.5020866032101945
fun3_1_B,B : se note : humour,0.14205317874547668,1.1526379427470002,0.9752405190785418,1.3934129282599022,False,0.94,2.8845055092480263,1.5159699302291065
field_cd_B_3,B : études = Sc. sociales/Psy,-0.1285667839432424,0.8793548336740672,0.6612254569133099,1.1734777608612297,False,0.815,-2.6106532769326862,0.2704964112748378
field_cd_B_4,B : études = Médecine/Pharma,0.12553387308089498,1.1337535720365681,0.9842325747715717,1.3879488065975012,False,0.965,2.549067551299793,0.13582374590481308
career_c_A_13,A : carrière = Politique,-0.12474783309062396,0.8827194671615854,0.6019819831205617,1.0,False,0.935,-2.533106368998561,0.106456337906126
art_B,B : aime l'art,0.1214083204789754,1.129085847130293,0.9074585042988272,1.3247892397128527,False,0.9,2.4652948450919885,2.28656555226784
exphappy_B,B : optimisme sur la soirée,-0.11693572093176433,0.8896423767085769,0.819565658233625,0.9479424913062691,True,0.995,-2.374475067959748,1.7221414854483594
career_c_A_2,A : carrière = Recherche,-0.1168109536739467,0.8897533818731183,0.5400471036321896,1.3628365300502934,False,0.78,-2.371941567155844,0.4551519263939517
field_cd_A_3,A : études = Sc. sociales/Psy,0.11479591132883785,1.1216444992755032,0.9061949389739227,1.5407342633586125,False,0.87,2.331024490909005,0.2704964112748378
clubbing_B,B : aime sortir en boîte,0.11260873122082134,1.1191939416208054,1.0044123597145602,1.2283567890864093,True,0.98,2.286612017164962,2.5450510901789225
field_cd_A_8,A : études = Business/Éco/Finance,-0.11023180893384003,0.8956264970078626,0.686577932214947,1.2469765822418997,False,0.77,-2.2383466739153284,0.41203312884638654
clubbing_A,A : aime sortir en boîte,0.10858102491575138,1.1146952229659617,0.9294715016856034,1.2458461954319244,False,0.93,2.2048261597191128,2.5450510901789225
career_c_A_12,A : carrière = Orthophonie,-0.1064703306399692,0.8990017205712687,0.7683673752390517,1.0,False,0.665,-2.1619667931030326,0.06528183493128073
tvsports_B,B : aime le sport à la TV,-0.10524455806766501,0.9001043678821523,0.7961206040076515,0.9962549971115221,True,0.975,-2.137076482522713,2.799259406262112
sinc3_1_A,A : se note : sincérité,-0.10474389091077235,0.9005551334092579,0.7730564481515367,0.9886820409616721,True,0.975,-2.1269100280645272,1.3878653338727565
hiking_B,B : aime la randonnée,0.10302749235148873,1.1085218845303668,0.9293268149634286,1.3060485182251982,False,0.9,2.092057157160527,2.5322826652067856
imprelig_A,A : importance même religion,-0.1017198609820535,0.9032825609178846,0.7612193828704005,0.9842437131743097,True,0.975,-2.065504637023264,2.779954250336414
goal_A_4,A : objectif = relation sérieuse,0.1006557531615682,1.105895875069691,0.9637350761579004,1.3339514323712967,False,0.925,2.0438970609188014,0.1939084037215755
field_cd_A_10,A : études = Sciences,0.1005564871908655,1.105786102690577,0.8164018032619804,1.6506748788152164,False,0.81,2.04188138452281,0.32333866425325064
concerts_B,B : aime les concerts,0.0971383741423461,1.1020128531545645,0.9977517559583294,1.20254333729841,False,0.965,1.9724738147185987,2.117820018637396
field_cd_A_14,A : études = Cinéma,0.09538929755753196,1.100087032971409,0.9872587775298529,1.3551894749989637,False,0.915,1.9369573898870722,0.1374380264990219
career_c_A_10,A : carrière = Indécis,-0.09518570927156476,0.9092040711632166,0.7107906724137195,1.0640853599989946,False,0.855,-1.9328233638999246,0.22653937330388266
concerts_A,A : aime les concerts,-0.09201311411705664,0.9120931881698229,0.7634455946939238,1.1367276683810665,False,0.845,-1.8684012349295533,2.117820018637396
income_missing_A,A : revenu non renseigné,0.09149959469791674,1.0958163325558088,0.9601408097948698,1.2411507821516123,False,0.92,1.8579738048171381,0.4999101741548561
dining_B,B : aime les restaurants,0.09052686194279824,1.0947509143831242,0.985894925108386,1.3053780083610396,False,0.945,1.838221673847984,1.7566362076332294
tvsports_A,A : aime le sport à la TV,0.08950993366146355,1.0936381970900055,0.9014241952497978,1.2861139437859903,False,0.815,1.8175721167178627,2.799259406262112
income_missing_B,B : revenu non renseigné,-0.08903434310961943,0.9148141554721346,0.7577222120343761,1.0187463214477417,False,0.93,-1.8079148631522899,0.4999101741548561
sinc3_1_B,B : se note : sincérité,0.08858857915755126,1.0926310326604558,0.9863203517540718,1.232592441412487,False,0.96,1.79886326299156,1.3878653338727565
goal_A_2,A : objectif = rencontrer du monde,0.08623018909330522,1.0900572187107291,0.9341435039579807,1.2656444607690407,False,0.86,1.750974231620693,0.48450528508662655
sinc1_1_B,B : cherche : sincérité,0.08561431974870132,1.0893860925700822,0.9159900036441696,1.2323774369262313,False,0.87,1.7384685028987052,7.239983809478174
field_cd_B_15,B : études = Beaux-arts,-0.08357575003475101,0.919821407528586,0.7341989918644535,1.1180957630435953,False,0.79,-1.6970736842624272,0.16401797489821537
field_cd_B_16,B : études = Langues,0.08085776468579621,1.0842166716999448,1.0,1.2358046978635389,False,0.96,1.6418827777135288,0.07795481378476296
go_out_A,A : fréquence de sorties (1=souvent),0.07953323784463674,1.0827815482562182,0.960630202463983,1.2253232672201197,False,0.935,1.6149871812600562,1.1010581971256757
career_c_A_9,A : carrière = Humanitaire,-0.0783734858430241,0.9246190299293122,0.6375429034864691,1.2787100132453866,False,0.765,-1.591437472147196,0.2241170271108981
career_c_A_3,A : carrière = Psychologue,-0.07834539928423184,0.9246449996607552,0.72243579263596,1.1191939366819033,False,0.765,-1.5908671516919444,0.17586011275682056
field_cd_A_15,A : études = Beaux-arts,-0.07658332508150735,0.9262757290725113,0.7689597743546319,1.135566511605686,False,0.75,-1.555086799641044,0.16401797489821535
goal_B_NA,B : objectif = non renseigné,0.07594886900311201,1.0789074071356468,0.9757751915488018,1.1371269945835338,False,0.815,1.5422036521488902,0.09374000235195919
field_cd_B_NA,B : études = non renseigné,0.07594886900311201,1.0789074071356468,0.9757751915488018,1.1371269945835338,False,0.815,1.5422036521488902,0.09374000235195919
age_diff,Couple : écart d'âge (B − A),0.07534714061163482,1.0782583932016363,0.6281493098850481,1.5702765892583512,False,0.745,1.529985066999192,4.628279613394327
art_A,A : aime l'art,0.07423412332494593,1.0770589406000497,0.9268377388737233,1.351348904193664,False,0.845,1.5073843443423989,2.28656555226784
abs_age_diff,Couple : écart d'âge absolu,-0.07227397865358784,0.9302759851308865,0.8264206396206506,0.98289613594752,True,0.99,-1.4675820100800576,2.864430340412291
date_B,B : fréquence de dates (1=souvent),-0.07223214422670118,0.9303149035076292,0.8490611313631002,0.9718708184217475,True,0.99,-1.4667325279643,1.4056996654566938
gaming_B,B : aime les jeux vidéo,-0.06586143513664439,0.9362605881242874,0.8422170433630337,1.0649017038308026,False,0.825,-1.3373700903872354,2.628926318465599
exercise_B,B : aime la muscu,0.06455930736694496,1.0666888388751028,0.9200850868914988,1.185925583565191,False,0.81,1.3109293253257746,2.3889937588822767
museums_B,B : aime les musées,-0.06421401436119155,0.9378042744697495,0.7884389223756499,1.0808176068588955,False,0.775,-1.3039178695723974,2.063229998078187
career_c_A_NA,A : carrière = non renseigné,-0.06398975123224503,0.9380146129753856,0.8160913660292196,1.0177486863754237,False,0.875,-1.2993640240570745,0.10142155481582048
reading_B,B : aime lire,-0.05885664694766413,0.9428419187367371,0.812954620860088,1.104182368637385,False,0.77,-1.195132160193277,1.9626584949119996
music_A,A : aime la musique,0.05620899245608437,1.0578187367724883,0.928749481551504,1.2605649545483615,False,0.85,1.1413693789940542,1.732127409958839
field_cd_B_7,B : études = Histoire/Philo,-0.055985251457616306,0.9455530813172545,0.7658021311516892,1.1158130846481034,False,0.76,-1.136826135763418,0.15817947531509058
career_c_A_6,A : carrière = Arts/Spectacle,-0.05237711026705382,0.9489709326749592,0.6417395319423904,1.1267700383025645,False,0.755,-1.0635598897403689,0.294164804070964
income_A,A : revenu médian du quartier,0.05209996479488038,1.0534810482667434,0.9862119868709459,1.1819169067997015,False,0.95,1.057932225168499,12445.163455493668
field_cd_B_6,B : études = Lettres/Journalisme,-0.05004665669234075,0.9511850443174339,0.7707909306239813,1.2265499727315723,False,0.605,-1.0162381315461992,0.2153697491596413
fun1_1_A,A : cherche : humour,-0.049296237063864996,0.9518991001322431,0.8406269918979781,1.1818424203879114,False,0.71,-1.0010002497071413,6.138649389248933
goal_A_3,A : objectif = obtenir un date,0.04860208321054917,1.0498025335635934,0.944722957017406,1.209861254623483,False,0.86,0.9869048902661333,0.273794708655726
hiking_A,A : aime la randonnée,-0.04849235976594725,0.9526646178586842,0.8662781919651921,1.0860361700452645,False,0.85,-0.9846768663440851,2.532282665206785
goal_B_4,B : objectif = relation sérieuse,-0.04829605173113969,0.9528516519351921,0.8466915297439095,1.0773641195949195,False,0.86,-0.9806906717871393,0.19390840372157547
goal_A_5,A : objectif = pour le dire,-0.04815671475274949,0.9529844286553655,0.8483544158305587,1.061005101178902,False,0.805,-0.9778613209386895,0.252307451412402
yoga_B,B : aime le yoga,-0.04786618106684413,0.9532613429585519,0.8309156091817884,1.1217479219495476,False,0.75,-0.9719617977811141,2.661246492571322
career_c_A_5,A : carrière = Ingénieur,0.0458078943897719,1.046873281407942,0.8390609989979286,1.3147214861765906,False,0.69,0.9301666101474426,0.17131825513888407
sinc1_1_A,A : cherche : sincérité,0.0456242946104711,1.046681093347902,0.8228002582209959,1.3048343618810798,False,0.73,0.9264384670705548,7.239983809478174
tv_B,B : aime la TV,-0.04523139034092683,0.9557762988406442,0.8068983117357681,1.0162497140741578,False,0.94,-0.9184602258223377,2.460518983928225
career_c_B_16,B : carrière = Journalisme,0.04507457788843053,1.0461058733667516,0.9291373740045555,1.180724154450991,False,0.49,0.9152760212368511,0.08173454549371308
attr1_1_A,A : cherche : physique,-0.0447175182984968,0.956267571774338,0.6977789600686705,1.4300356121134132,False,0.65,-0.9080256354067735,12.799919012455728
career_c_B_14,B : carrière = Sport pro,0.03945354047607452,1.0402421686063452,1.0,1.1579664338207227,False,0.57,0.8011362777490874,0.03906722360313027
shopping_B,B : aime le shopping,-0.03781741443204252,0.9628887344284852,0.8522439299332967,1.045328613040001,False,0.875,-0.7679134056563024,2.5378574673448955
field_cd_A_13,A : études = Sc. Po/Relations int.,-0.03778779857564154,0.9629172516252527,0.6856254622873037,1.2819760965334985,False,0.605,-0.7673120315673578,0.2564460578721823
field_cd_A_7,A : études = Histoire/Philo,-0.03705581089927551,0.9636223532181578,0.7902903114364168,1.2117317824716312,False,0.66,-0.7524484255303356,0.1581794753150906
career_c_A_15,A : carrière = Autre,-0.03642542201861277,0.9642300015420352,0.643301922462935,2.2607742845734267,False,0.5,-0.739647865801233,0.08794888801816482
career_c_B_7,B : carrière = Finance/Conseil/Business,-0.03600258980457311,0.9646377952565145,0.6619196107959676,1.3958266512307622,False,0.575,-0.7310619132610912,0.4290135539566242
field_cd_A_2,A : études = Maths,-0.035952576465894046,0.9646860412197321,0.8684722316559936,1.179464236298277,False,0.725,-0.730046351678945,0.12566833593434795
career_c_A_11,A : carrière = Travail social,-0.03501584691729269,0.9655901145096407,0.7653391365270307,1.2928983835717105,False,0.625,-0.7110252951459031,0.17047768127983007
income_B,B : revenu médian du quartier,0.034824887330461816,1.0354383745452151,0.9066050664612947,1.1328685175182847,False,0.605,0.7071477051819057,12445.163455493668
reading_A,A : aime lire,0.03310528182138969,1.0336593590528484,0.909846940853555,1.1796286336935604,False,0.81,0.6722297145501069,1.9626584949119996
field_cd_B_13,B : études = Sc. Po/Relations int.,-0.03258872948256959,0.9679365615106862,0.7785565383627417,1.3256223036126462,False,0.675,-0.6617406985330051,0.2564460578721823
career_c_B_4,B : carrière = Médecin,-0.03199245922461698,0.9685138853973263,0.7502696049815037,1.2176593543295995,False,0.56,-0.6496329452306537,0.23303796318240594
field_cd_A_16,A : études = Langues,0.02930543212227555,1.029739061835516,0.9585366931731494,1.1505949989110138,False,0.765,0.5950706710974575,0.07795481378476296
field_cd_A_18,A : études = Autre,0.029150270732160238,1.0295792984860976,0.50680576357122,1.49027574633262,False,0.51,0.5919199926785528,0.08880010523032364
imprace_B,B : importance même origine,-0.02788718290802789,0.9724980750174215,0.8326696156006259,1.0662897589114786,False,0.735,-0.5662719655133044,2.7413258408114647
field_cd_A_11,A : études = Travail social,-0.027118423480947857,0.9732459795228942,0.6793348934531211,1.2976539724771339,False,0.495,-0.5506616791242058,0.23390640034757754
career_c_B_13,B : carrière = Politique,-0.02681082265874716,0.9735453968345437,0.8704608364854,1.1767859312170197,False,0.54,-0.5444155938614683,0.10645633790612602
int_corr,Couple : intérêts en commun,0.02618372055868509,1.026529525728126,0.9479268047459565,1.0834610402245086,False,0.84,0.5316817748898344,0.29604619562996226
career_c_A_16,A : carrière = Journalisme,-0.02549636662162788,0.974825920870724,0.9047214679253104,1.0547554864970372,False,0.51,-0.5177244932875882,0.08173454549371309
field_cd_A_6,A : études = Lettres/Journalisme,-0.02527417693111011,0.9750425412049023,0.7929196824088367,1.2460612175406072,False,0.51,-0.5132127506285593,0.21536974915964127
theater_B,B : aime le théâtre,-0.02511748749525482,0.9751953320406609,0.8327491158253508,1.1256472189369273,False,0.645,-0.5100310439961765,2.2326854205060402
music_B,B : aime la musique,0.02374957946533149,1.0240338466757293,0.9141854510129125,1.1948349292134828,False,0.7,0.48225455716705573,1.732127409958839
goal_B_3,B : objectif = obtenir un date,0.022973018497295803,1.02323893065078,0.935941071149513,1.165969262894005,False,0.695,0.4664858541338106,0.2737947086557261
career_c_B_5,B : carrière = Ingénieur,-0.020245746568941438,0.9799578224412583,0.7889178421592951,1.2135827391397422,False,0.6,-0.41110637602546757,0.17131825513888405
field_cd_A_5,A : études = Ingénierie,0.019278393751111827,1.019465421918155,0.7061213523809408,1.488658093455997,False,0.575,0.3914634890653969,0.3269104511095375
career_c_A_8,A : carrière = Immobilier,-0.019084238017851796,0.9810967131193217,0.8320590281066323,1.0806032193056998,False,0.51,-0.3875209987446129,0.07190394041738152
goal_B_6,B : objectif = autre,-0.018982904751860343,0.9811961358908475,0.8975560322904602,1.123627768542127,False,0.7,-0.3854633442337894,0.19208177642584984
imprelig_B,B : importance même religion,0.018079830155119228,1.0182442597425239,0.9216933251506514,1.1092284351934778,False,0.695,0.3671256789131911,2.779954250336414
career_c_B_8,B : carrière = Immobilier,0.01779620964438543,1.017955505735739,0.9004392097013199,1.1142083496276782,False,0.495,0.36136653340886404,0.07190394041738153
intel1_1_A,A : cherche : intelligence,-0.016507474427300675,0.9836280273070152,0.8215415362612842,1.2558243446637125,False,0.48,-0.3351977150376574,6.961484105751155
career_c_B_2,B : carrière = Recherche,-0.015997691583682302,0.9841295918334715,0.6830552808290453,1.5298815496495795,False,0.57,-0.32484615913497655,0.4551519263939517
field_cd_B_17,B : études = Architecture,-0.014533016164785436,0.9855720783850587,0.9529752467278193,1.0012270377407535,False,0.59,-0.29510473164719003,0.03906722360313027
career_c_B_17,B : carrière = Architecture,-0.014533016164785436,0.9855720783850587,0.9529752467278193,1.0012270377407535,False,0.59,-0.29510473164719003,0.03906722360313027
amb3_1_A,A : se note : ambition,-0.013925207940161478,0.9861712992875098,0.8414013670345556,1.139620660578048,False,0.645,-0.2827626905328873,1.7093497787951293
career_c_B_10,B : carrière = Indécis,-0.013305273949400525,0.9867828499375827,0.7863682135636705,1.3258988341190885,False,0.655,-0.2701744258596687,0.22653937330388269
career_c_B_9,B : carrière = Humanitaire,0.012811857345687464,1.0128942808131118,0.7786841379533329,1.292057686107879,False,0.585,0.26015519979000856,0.2241170271108981
goal_B_2,B : objectif = rencontrer du monde,-0.012721603271095491,0.9873589742700297,0.873529589703107,1.1594593535081914,False,0.58,-0.2583225172855284,0.48450528508662655
career_c_B_3,B : carrière = Psychologue,0.012154829178408091,1.0122289993184148,0.8056998722911803,1.2404315882144037,False,0.48,0.2468137076461108,0.1758601127568206
field_cd_B_14,B : études = Cinéma,-0.01038307332991108,0.9896706446958196,0.8355401300196447,1.1921320254080436,False,0.615,-0.21083676189124662,0.1374380264990219
fit_score,Couple : adéquation attentes/profil,-0.010075877312577274,0.9899747142784334,0.8117181490762074,1.1747067187949065,False,0.58,-0.20459889652108057,0.9543827607186964
amb1_1_A,A : cherche : ambition,0.009530558981519497,1.0095761193824393,0.7916951262229807,1.3892692954007977,False,0.5,0.19352576359915935,5.947813563843622
goal_A_NA,A : objectif = non renseigné,0.009498165452886904,1.0095434161791983,0.9510950838307737,1.0806246609705432,False,0.46,0.1928679866128934,0.09374000235195921
field_cd_A_NA,A : études = non renseigné,0.009498165452886904,1.0095434161791983,0.9510950838307737,1.0806246609705432,False,0.46,0.1928679866128934,0.09374000235195921
goal_B_5,B : objectif = pour le dire,-0.008711927170514444,0.9913259117040963,0.8508971558541061,1.073092177543454,False,0.61,-0.17690277782901545,0.2523074514124021
career_c_A_14,A : carrière = Sport pro,0.008513725861561539,1.0085500706956831,0.9909885593865977,1.10016191530111,False,0.475,0.17287813879831002,0.03906722360313027
goal_A_6,A : objectif = autre,0.008008763611121914,1.0080409195441782,0.8850875617785877,1.1637707644220552,False,0.595,0.16262446896692118,0.19208177642584984
dining_A,A : aime les restaurants,-0.007587649590080862,0.9924410639544022,0.8677464519363015,1.164077546305892,False,0.59,-0.1540734057352356,1.7566362076332294
field_cd_B_18,B : études = Autre,-0.00523169006704286,0.994781971388885,0.8518931849829234,1.2521711029291631,False,0.415,-0.10623372848348761,0.08880010523032365
career_c_A_7,A : carrière = Finance/Conseil/Business,0.005192969811056984,1.0052064766488653,0.6832097897766634,1.2613421496928392,False,0.44,0.10544748214463681,0.4290135539566242
age_A,A : âge,-0.005131711884198393,0.9948814328546164,0.6735027329801622,1.450953988479163,False,0.5,-0.10420359003979825,3.5020866032101945
exercise_A,A : aime la muscu,0.004903048954353692,1.0049150885677738,0.8682017093774647,1.1925552414856895,False,0.41,0.09956040298321266,2.3889937588822763
field_cd_A_17,A : études = Architecture,-0.004574449519144468,0.9954359973394441,0.9760709767597732,1.019069676409856,False,0.35,-0.09288792377811796,0.03906722360313027
career_c_A_17,A : carrière = Architecture,-0.004574449519144468,0.9954359973394441,0.9760709767597732,1.019069676409856,False,0.35,-0.09288792377811796,0.03906722360313027
career_c_B_6,B : carrière = Arts/Spectacle,0.0015287887291690586,1.0015299579223989,0.6907757704977251,1.4233875848705975,False,0.535,0.031043300478799437,0.294164804070964
field_cd_B_8,B : études = Business/Éco/Finance,-0.0011099980246965153,0.9988906177952369,0.6544898882761757,1.4948259532295427,False,0.515,-0.022539414082583337,0.41203312884638654
career_c_B_15,B : carrière = Autre,0.0009152157159202461,1.0009156346536199,0.7490012129771204,1.2693171436628472,False,0.475,0.018584200635541136,0.0879488880181648
career_c_B_11,B : carrière = Travail social,-0.0006599337716298563,0.999340283936768,0.7637422850871592,1.2580186564966023,False,0.47,-0.013400492807104918,0.17047768127983007
fun3_1_A,A : se note : humour,-0.0006254425576744081,0.9993747529907518,0.8246141957434736,1.1452915285554655,False,0.455,-0.012700120611609005,1.5159699302291065
field_cd_A_12,A : études = Undergrad/indécis,0.0,1.0,1.0,1.0,False,1.0,0.0,1.0
field_cd_B_12,B : études = Undergrad/indécis,0.0,1.0,1.0,1.0,False,1.0,0.0,1.0
