feature,label,auc_drop,auc_drop_std
exphappy_A,A : optimisme sur la soirée,0.015272405344148,0.0026382609819947697
imprace_A,A : importance même origine,0.012806473614156978,0.0024258242077667067
shar1_1_B,B : cherche : intérêts communs,0.010250174795418954,0.0025465818484029586
gaming_A,A : aime les jeux vidéo,0.009877747288068927,0.0019350563204772562
fun3_1_B,B : se note : humour,0.008315302772604293,0.0011787774472837118
exercise_A,A : aime la muscu,0.007292489368397703,0.0013856505317584914
exercise_B,B : aime la muscu,0.007002224891602326,0.0007058783298099417
sinc1_1_B,B : cherche : sincérité,0.006290186109672302,0.0019747952824316945
movies_A,A : aime le cinéma,0.00628749223981806,0.0028406108496678915
dining_B,B : aime les restaurants,0.005988350237366635,0.0016225354848435037
reading_A,A : aime lire,0.005575575906517772,0.0025586297487228027
exphappy_B,B : optimisme sur la soirée,0.005307535856019996,0.00187869483296627
age_diff,Couple : écart d'âge (B − A),0.005048250882548478,0.0008692762354431163
clubbing_A,A : aime sortir en boîte,0.005020026473393724,0.0012241387449734803
imprelig_A,A : importance même religion,0.004883312578290566,0.001745205220992009
clubbing_B,B : aime sortir en boîte,0.0046480275362478455,0.0017364078731078607
amb1_1_B,B : cherche : ambition,0.004384885430939544,0.0014886545803046182
amb1_1_A,A : cherche : ambition,0.004199008410996375,0.0014500418020939672
sports_B,B : aime le sport,0.0038368665885444185,0.002363676308742825
date_B,B : fréquence de dates (1=souvent),0.0037903973335585927,0.001711672885256094
gaming_B,B : aime les jeux vidéo,0.0035282348172882673,0.002192140946537243
tvsports_B,B : aime le sport à la TV,0.0035142756734980684,0.0013810484750402076
fun1_1_B,B : cherche : humour,0.0032980926176945148,0.0018193658801745542
shopping_A,A : aime le shopping,0.003224317318277026,0.0008936132122315861
attr1_1_B,B : cherche : physique,0.0030892564796753284,0.0013389026645478006
income_B,B : revenu médian du quartier,0.0029355222250385337,0.0020806332489415147
imprace_B,B : importance même origine,0.002589910967601272,0.0011906967276951426
fit_score,Couple : adéquation attentes/profil,0.001924402664971936,0.0007695149571798138
reading_B,B : aime lire,0.0018260764152918329,0.0011013719310496125
shar1_1_A,A : cherche : intérêts communs,0.0017655867922009793,0.002825157460418957
tvsports_A,A : aime le sport à la TV,0.0017251787443872458,0.0004737076657819223
amb3_1_A,A : se note : ambition,0.0016611381110339441,0.0013915234038081117
imprelig_B,B : importance même religion,0.0016519544638035288,0.0004589016071041574
career_c_B_7,B : carrière = Finance/Conseil/Business,0.0012884044821096063,0.00035206730180437334
goal_A_4,A : objectif = relation sérieuse,0.0012071598162780473,0.0005991460408587819
field_cd_A_3,A : études = Sc. sociales/Psy,0.0011373028730121582,0.000604816361367573
yoga_B,B : aime le yoga,0.0010119154761598415,0.0007593774364031473
yoga_A,A : aime le yoga,0.0009737115036813848,0.0016996281831777576
field_cd_A_11,A : études = Travail social,0.0007922426344087685,0.0003895410204583282
career_c_A_7,A : carrière = Finance/Conseil/Business,0.0007484060249623558,0.00021219312382990188
career_c_B_1,B : carrière = Avocat,0.0007150999976734407,0.0005559852812948166
fun1_1_A,A : cherche : humour,0.000668263396798452,0.0015880518824937025
goal_A_2,A : objectif = rencontrer du monde,0.0006465287650198493,0.00020723286552299007
field_cd_B_1,B : études = Droit,0.0006462838677603666,0.00036355194070175704
tv_A,A : aime la TV,0.0005990186966812639,0.0013764793595308076
theater_A,A : aime le théâtre,0.0005951615648444819,0.0005849989180721938
hiking_B,B : aime la randonnée,0.0005394474383134118,0.0009477851592975964
int_corr,Couple : intérêts en commun,0.00044314159102397664,0.0013529211013321152
field_cd_B_5,B : études = Ingénierie,0.00041852941644651145,0.0006648073854254364
attr1_1_A,A : cherche : physique,0.00040261109458054054,0.001595253285505149
age_B,B : âge,0.00038222339772902013,0.0010450051894609525
field_cd_B_7,B : études = Histoire/Philo,0.0003586520365043477,0.00017372474593270278
art_A,A : aime l'art,0.00034573370606693076,0.0005019137854418317
field_cd_B_10,B : études = Sciences,0.00033808066670828476,0.000345401713483646
goal_A_3,A : objectif = obtenir un date,0.00031873378320959047,0.0003506985404849361
field_cd_B_3,B : études = Sc. sociales/Psy,0.0003133460435010615,0.00022375452602907344
career_c_A_10,A : carrière = Indécis,0.00029118284151836705,5.893532815846516e-05
career_c_A_9,A : carrière = Humanitaire,0.00028359102647458335,0.000330249743082618
career_c_B_5,B : carrière = Ingénieur,0.0002659584237922341,0.0002116348783556582
income_missing_B,B : revenu non renseigné,0.00025371356081836937,0.00018435803232828233
career_c_B_9,B : carrière = Humanitaire,0.00025040744781541503,0.0001311518572668049
income_missing_A,A : revenu non renseigné,0.0002469788861827471,0.00011717770870253625
career_c_A_13,A : carrière = Politique,0.00023595850950627328,0.00036153714283759114
career_c_A_6,A : carrière = Arts/Spectacle,0.0001998361637333801,0.000137319245907928
music_A,A : aime la musique,0.00019610148052634502,0.00042805876772988795
intel1_1_A,A : cherche : intelligence,0.00016248933166309598,0.0008576823431713745
field_cd_A_4,A : études = Médecine/Pharma,0.0001377547084558728,5.828156032138293e-05
field_cd_B_15,B : études = Beaux-arts,0.00010395888664805897,5.579534093402205e-05
goal_B_6,B : objectif = autre,0.0001016323626830129,0.00012855590002507032
goal_A_1,A : objectif = soirée fun,8.130589014641033e-05,0.0002933452118520196
field_cd_B_9,B : études = Éducation,3.0979503323824706e-05,0.00011422042049620878
career_c_A_4,A : carrière = Médecin,2.4367277317949297e-05,0.00018012726173937985
field_cd_A_15,A : études = Beaux-arts,1.2244862973576076e-06,8.928680027837658e-05
career_c_A_14,A : carrière = Sport pro,0.0,0.0
career_c_B_NA,B : carrière = non renseigné,0.0,0.0
career_c_B_11,B : carrière = Travail social,0.0,0.0
career_c_A_12,A : carrière = Orthophonie,0.0,0.0
career_c_B_13,B : carrière = Politique,0.0,0.0
career_c_B_14,B : carrière = Sport pro,0.0,0.0
career_c_B_15,B : carrière = Autre,0.0,0.0
goal_B_NA,B : objectif = non renseigné,0.0,0.0
career_c_B_16,B : carrière = Journalisme,0.0,0.0
career_c_B_8,B : carrière = Immobilier,0.0,0.0
goal_A_NA,A : objectif = non renseigné,0.0,0.0
career_c_B_17,B : carrière = Architecture,0.0,0.0
field_cd_B_14,B : études = Cinéma,0.0,0.0
field_cd_A_18,A : études = Autre,0.0,0.0
career_c_A_15,A : carrière = Autre,0.0,0.0
field_cd_B_17,B : études = Architecture,0.0,0.0
career_c_A_NA,A : carrière = non renseigné,0.0,0.0
field_cd_A_12,A : études = Undergrad/indécis,0.0,0.0
field_cd_B_12,B : études = Undergrad/indécis,0.0,0.0
field_cd_A_16,A : études = Langues,0.0,0.0
field_cd_A_17,A : études = Architecture,0.0,0.0
field_cd_A_14,A : études = Cinéma,0.0,0.0
field_cd_A_NA,A : études = non renseigné,0.0,0.0
career_c_A_17,A : carrière = Architecture,0.0,0.0
career_c_A_8,A : carrière = Immobilier,0.0,0.0
career_c_A_16,A : carrière = Journalisme,0.0,0.0
field_cd_B_16,B : études = Langues,0.0,0.0
career_c_A_11,A : carrière = Travail social,0.0,0.0
field_cd_B_NA,B : études = non renseigné,0.0,0.0
field_cd_B_18,B : études = Autre,0.0,0.0
career_c_B_10,B : carrière = Indécis,-4.775496559838999e-06,3.3410529910312835e-05
field_cd_B_6,B : études = Lettres/Journalisme,-8.204058192506913e-06,2.3775538621331695e-05
attr3_1_A,A : se note : physique,-1.2367311603633801e-05,0.0022293505081603803
goal_B_2,B : objectif = rencontrer du monde,-1.8612191720279725e-05,0.00023264195591224016
career_c_A_1,A : carrière = Avocat,-3.1959092361799615e-05,0.00035581745138463174
field_cd_A_2,A : études = Maths,-3.1959092361810715e-05,0.00011021118146011837
career_c_B_4,B : carrière = Médecin,-3.39182704376384e-05,7.134048846651434e-05
field_cd_A_6,A : études = Lettres/Journalisme,-5.338760256606845e-05,6.49836620035189e-05
field_cd_A_1,A : études = Droit,-0.00010199970857228679,0.0004696003291500505
career_c_B_3,B : carrière = Psychologue,-0.00010371398938862076,9.467433169212743e-05
field_cd_B_13,B : études = Sc. Po/Relations int.,-0.00011191804758111656,0.00030530163778320067
goal_B_3,B : objectif = obtenir un date,-0.00014118327008862951,0.00017949486477839038
career_c_B_2,B : carrière = Recherche,-0.0001830607014592478,0.00035077984863336173
art_B,B : aime l'art,-0.00019334638635730704,0.0017942359275395043
field_cd_A_7,A : études = Histoire/Philo,-0.00020473410892299926,4.922922249099901e-05
field_cd_B_4,B : études = Médecine/Pharma,-0.00021844835545371534,0.000685478584741752
field_cd_A_9,A : études = Éducation,-0.00022310140338378527,0.00017475766166677242
career_c_B_6,B : carrière = Arts/Spectacle,-0.0002365707526549965,0.0001229372046436553
career_c_A_3,A : carrière = Psychologue,-0.0002403666601769383,0.0001303374068314332
fun3_1_A,A : se note : humour,-0.0002417748194189162,0.001336298296308152
goal_B_4,B : objectif = relation sérieuse,-0.00025812171148899,0.00034725697385159035
field_cd_A_10,A : études = Sciences,-0.00026216251627037,0.00018292649115395144
goal_B_5,B : objectif = pour le dire,-0.00026565230221796686,0.0001636347269892642
concerts_B,B : aime les concerts,-0.0003084480983115867,0.0007113440128915935
goal_A_5,A : objectif = pour le dire,-0.00037444790974070494,0.00021163275293917448
music_B,B : aime la musique,-0.00040022334630067656,0.0005837109643785142
abs_age_diff,Couple : écart d'âge absolu,-0.00044773341463925085,0.001655817816535183
career_c_A_5,A : carrière = Ingénieur,-0.0004662843820446683,0.00019427068432623142
field_cd_A_5,A : études = Ingénierie,-0.0004716721217531528,0.00029734894381500734
intel3_1_A,A : se note : intelligence,-0.00047424354297768143,0.0018239685041935563
field_cd_B_2,B : études = Maths,-0.00048624350869201914,0.0017706689554497432
museums_A,A : aime les musées,-0.0007339570866532364,0.0009403677206404354
career_c_A_2,A : carrière = Recherche,-0.0007485284735921693,0.00018227337137511482
intel1_1_B,B : cherche : intelligence,-0.0008042426001232172,0.0017052098576962142
shopping_B,B : aime le shopping,-0.0008232833620475776,0.0010493053854997232
museums_B,B : aime les musées,-0.0008362016924849947,0.0005980021638208374
income_A,A : revenu médian du quartier,-0.0008425690212313763,0.0028499173190405453
goal_A_6,A : objectif = autre,-0.0008686505793657262,9.733426096606599e-05
goal_B_1,B : objectif = soirée fun,-0.0009070994491036544,0.00023283136045683617
field_cd_A_13,A : études = Sc. Po/Relations int.,-0.0010355480616994317,0.0002431331864191124
sinc3_1_B,B : se note : sincérité,-0.0010414868202417327,0.0004618641916795827
sinc3_1_A,A : se note : sincérité,-0.0014155673840932192,0.0014311333733718916
sports_A,A : aime le sport,-0.0017139134704513448,0.001683035640786871
field_cd_B_8,B : études = Business/Éco/Finance,-0.0017363215696934997,0.0004928952056880542
field_cd_B_11,B : études = Travail social,-0.002129871465673383,0.0007981894868048865
date_A,A : fréquence de dates (1=souvent),-0.002234075249580947,0.0031943036885135247
dining_A,A : aime les restaurants,-0.002620155779146782,0.0007833250068767098
field_cd_A_8,A : études = Business/Éco/Finance,-0.0027487268403723177,0.0005599691912582157
theater_B,B : aime le théâtre,-0.002757849263287837,0.000531465299252347
hiking_A,A : aime la randonnée,-0.0029320324390910146,0.0010838985740346944
age_A,A : âge,-0.002978134348187611,0.0028595783510182806
concerts_A,A : aime les concerts,-0.003106521736468526,0.0012664800863131111
tv_B,B : aime la TV,-0.0032503376520965134,0.0010727692392620326
go_out_A,A : fréquence de sorties (1=souvent),-0.004105212760616617,0.0018894561936141983
amb3_1_B,B : se note : ambition,-0.004130620851287403,0.0014319965462635585
movies_B,B : aime le cinéma,-0.004406313941143891,0.001645499453342976
sinc1_1_A,A : cherche : sincérité,-0.008304221171613025,0.0018824216105677411
