idx,feature_agreement,rank1_agreement,sign_agreement
1807,0.2,False,1.0
1699,0.4,False,1.0
1805,0.2,False,1.0
830,0.4,False,1.0
791,0.6,True,1.0
1382,0.6,False,1.0
275,0.2,False,1.0
583,0.6,True,1.0
291,0.4,False,1.0
1249,0.2,False,1.0
319,0.2,False,1.0
886,0.8,False,1.0
749,0.4,False,1.0
1443,0.4,False,1.0
664,0.2,False,1.0
1209,0.2,False,1.0
1511,0.4,False,1.0
349,0.2,False,1.0
1563,0.4,False,1.0
1731,0.6,False,1.0
399,0.4,False,1.0
1648,0.4,False,1.0
1584,0.2,False,1.0
223,0.4,False,1.0
290,0.6,False,1.0
1465,0.0,False,
1429,0.4,False,1.0
340,0.6,False,1.0
1350,0.0,False,
255,0.2,False,1.0
436,0.6,False,1.0
976,0.2,False,1.0
1268,0.4,False,1.0
914,0.4,False,1.0
957,0.2,False,1.0
525,0.8,False,1.0
1623,0.6,False,1.0
1369,0.0,False,
1128,0.2,False,1.0
1393,0.4,False,1.0
162,0.2,False,1.0
1531,0.8,True,1.0
974,0.4,False,1.0
1819,0.2,False,1.0
778,0.2,False,1.0
857,0.4,False,1.0
1140,0.4,True,1.0
120,0.2,False,1.0
1324,0.2,False,1.0
409,0.4,False,1.0
1131,0.2,False,1.0
1635,0.0,False,
1219,0.2,False,1.0
655,0.6,False,1.0
790,0.8,False,1.0
832,0.2,False,1.0
1621,0.0,False,
894,0.4,True,1.0
1279,0.4,False,1.0
1326,0.4,False,1.0
705,0.2,False,1.0
648,0.2,False,1.0
1337,0.2,False,1.0
137,0.6,False,1.0
1162,0.2,False,1.0
1244,0.4,False,1.0
1459,0.0,False,
148,0.4,False,1.0
488,0.2,False,1.0
176,0.0,False,
1720,0.6,False,1.0
1340,0.2,False,1.0
78,0.0,False,
1487,0.2,False,1.0
1239,0.0,False,
1816,0.2,False,1.0
1513,0.2,False,1.0
346,0.4,False,1.0
647,0.4,False,1.0
112,0.2,False,1.0
163,0.2,True,1.0
874,0.4,False,1.0
1695,0.2,False,1.0
759,0.2,False,1.0
566,0.4,False,1.0
1463,0.2,False,1.0
1115,0.0,False,
1203,0.0,False,
843,0.2,False,1.0
1368,0.6,False,1.0
735,0.2,False,1.0
627,0.4,False,1.0
1331,0.2,False,1.0
233,0.6,False,1.0
1236,0.2,False,1.0
595,0.2,False,1.0
154,0.4,False,1.0
1018,0.4,False,1.0
786,0.2,False,1.0
1507,0.4,False,1.0
