feature,mean_abs_shap,label,side,category,share
imprace_A,0.12788093,A : importance même origine,A (décideur),Démographie / habitudes,0.03162318
gaming_A,0.11942969,A : aime les jeux vidéo,A (décideur),Intérêts,0.029533306
movies_A,0.11154963,A : aime le cinéma,A (décideur),Intérêts,0.027584676
sports_B,0.10107413,B : aime le sport,B (candidat),Intérêts,0.02499423
exphappy_A,0.093598895,A : optimisme sur la soirée,A (décideur),Démographie / habitudes,0.023145707
income_B,0.08742535,B : revenu médian du quartier,B (candidat),Démographie / habitudes,0.021619076
age_A,0.08460324,A : âge,A (décideur),Démographie / habitudes,0.020921208
sinc1_1_A,0.08404121,A : cherche : sincérité,A (décideur),Ce que je cherche,0.020782225
shar1_1_B,0.082877934,B : cherche : intérêts communs,B (candidat),Ce que je cherche,0.020494564
tv_B,0.08130868,B : aime la TV,B (candidat),Intérêts,0.020106507
shar1_1_A,0.08108494,A : cherche : intérêts communs,A (décideur),Ce que je cherche,0.02005118
fun1_1_B,0.08065352,B : cherche : humour,B (candidat),Ce que je cherche,0.019944496
yoga_A,0.07741469,A : aime le yoga,A (décideur),Intérêts,0.01914358
intel3_1_A,0.077385895,A : se note : intelligence,A (décideur),Comment je me note,0.019136459
clubbing_A,0.07679061,A : aime sortir en boîte,A (décideur),Intérêts,0.018989252
art_B,0.07389026,B : aime l'art,B (candidat),Intérêts,0.018272037
income_A,0.072023734,A : revenu médian du quartier,A (décideur),Démographie / habitudes,0.01781047
dining_B,0.06858908,B : aime les restaurants,B (candidat),Intérêts,0.016961128
attr3_1_A,0.06669196,A : se note : physique,A (décideur),Comment je me note,0.016491996
abs_age_diff,0.06665343,Couple : écart d'âge absolu,Couple,Variables de couple,0.016482469
gaming_B,0.06508169,B : aime les jeux vidéo,B (candidat),Intérêts,0.0160938
clubbing_B,0.06320584,B : aime sortir en boîte,B (candidat),Intérêts,0.015629927
sports_A,0.062607035,A : aime le sport,A (décideur),Intérêts,0.015481851
exphappy_B,0.06246441,B : optimisme sur la soirée,B (candidat),Démographie / habitudes,0.015446581
movies_B,0.060359612,B : aime le cinéma,B (candidat),Intérêts,0.014926095
amb1_1_B,0.059917144,B : cherche : ambition,B (candidat),Ce que je cherche,0.014816678
date_A,0.059599843,A : fréquence de dates (1=souvent),A (décideur),Démographie / habitudes,0.014738214
imprelig_A,0.058918726,A : importance même religion,A (décideur),Démographie / habitudes,0.014569784
concerts_A,0.058637433,A : aime les concerts,A (décideur),Intérêts,0.014500223
go_out_A,0.057663247,A : fréquence de sorties (1=souvent),A (décideur),Démographie / habitudes,0.014259321
exercise_A,0.05642601,A : aime la muscu,A (décideur),Intérêts,0.013953369
sinc1_1_B,0.055398233,B : cherche : sincérité,B (candidat),Ce que je cherche,0.013699214
date_B,0.054509453,B : fréquence de dates (1=souvent),B (candidat),Démographie / habitudes,0.013479431
tv_A,0.05402958,A : aime la TV,A (décideur),Intérêts,0.013360766
amb3_1_B,0.052589163,B : se note : ambition,B (candidat),Comment je me note,0.01300457
reading_A,0.04696696,A : aime lire,A (décideur),Intérêts,0.011614277
fun3_1_B,0.04491812,B : se note : humour,B (candidat),Comment je me note,0.011107627
fun1_1_A,0.043110292,A : cherche : humour,A (décideur),Ce que je cherche,0.010660577
tvsports_B,0.040989127,B : aime le sport à la TV,B (candidat),Intérêts,0.010136043
imprace_B,0.04091111,B : importance même origine,B (candidat),Démographie / habitudes,0.010116749
exercise_B,0.04006986,B : aime la muscu,B (candidat),Intérêts,0.00990872
attr1_1_B,0.0398732,B : cherche : physique,B (candidat),Ce que je cherche,0.009860089
age_B,0.039646074,B : âge,B (candidat),Démographie / habitudes,0.009803924
attr1_1_A,0.039371286,A : cherche : physique,A (décideur),Ce que je cherche,0.009735973
shopping_A,0.037936054,A : aime le shopping,A (décideur),Intérêts,0.00938106
intel1_1_B,0.036021437,B : cherche : intelligence,B (candidat),Ce que je cherche,0.008907601
sinc3_1_A,0.034564435,A : se note : sincérité,A (décideur),Comment je me note,0.008547305
int_corr,0.032604367,Couple : intérêts en commun,Couple,Variables de couple,0.008062608
field_cd_B_5,0.032375596,B : études = Ingénierie,B (candidat),Études / carrière / objectif,0.008006035
field_cd_A_8,0.03212981,A : études = Business/Éco/Finance,A (décideur),Études / carrière / objectif,0.007945256
age_diff,0.031963848,Couple : écart d'âge (B − A),Couple,Variables de couple,0.007904216
fun3_1_A,0.03003285,A : se note : humour,A (décideur),Comment je me note,0.007426707
amb1_1_A,0.029928407,A : cherche : ambition,A (décideur),Ce que je cherche,0.0074008796
hiking_A,0.029889548,A : aime la randonnée,A (décideur),Intérêts,0.0073912703
hiking_B,0.029276151,B : aime la randonnée,B (candidat),Intérêts,0.0072395857
theater_B,0.027836945,B : aime le théâtre,B (candidat),Intérêts,0.00688369
field_cd_B_8,0.027200652,B : études = Business/Éco/Finance,B (candidat),Études / carrière / objectif,0.0067263437
reading_B,0.027182654,B : aime lire,B (candidat),Intérêts,0.006721893
tvsports_A,0.026667874,A : aime le sport à la TV,A (décideur),Intérêts,0.006594595
museums_B,0.025401052,B : aime les musées,B (candidat),Intérêts,0.0062813275
amb3_1_A,0.025299832,A : se note : ambition,A (décideur),Comment je me note,0.006256297
field_cd_B_2,0.025149558,B : études = Maths,B (candidat),Études / carrière / objectif,0.0062191365
shopping_B,0.024898583,B : aime le shopping,B (candidat),Intérêts,0.006157074
fit_score,0.02395418,Couple : adéquation attentes/profil,Couple,Variables de couple,0.005923536
theater_A,0.023494525,A : aime le théâtre,A (décideur),Intérêts,0.00580987
yoga_B,0.023265768,B : aime le yoga,B (candidat),Intérêts,0.0057533015
dining_A,0.022383042,A : aime les restaurants,A (décideur),Intérêts,0.0055350154
concerts_B,0.022050872,B : aime les concerts,B (candidat),Intérêts,0.0054528746
field_cd_B_11,0.021989752,B : études = Travail social,B (candidat),Études / carrière / objectif,0.0054377606
art_A,0.02098855,A : aime l'art,A (décideur),Intérêts,0.0051901774
museums_A,0.019873524,A : aime les musées,A (décideur),Intérêts,0.0049144467
intel1_1_A,0.01924367,A : cherche : intelligence,A (décideur),Ce que je cherche,0.004758693
field_cd_B_4,0.017361168,B : études = Médecine/Pharma,B (candidat),Études / carrière / objectif,0.004293176
field_cd_A_3,0.016138734,A : études = Sc. sociales/Psy,A (décideur),Études / carrière / objectif,0.003990885
music_A,0.014431639,A : aime la musique,A (décideur),Intérêts,0.003568744
music_B,0.013568905,B : aime la musique,B (candidat),Intérêts,0.003355402
goal_A_4,0.01324006,A : objectif = relation sérieuse,A (décideur),Études / carrière / objectif,0.0032740831
sinc3_1_B,0.01236826,B : se note : sincérité,B (candidat),Comment je me note,0.003058499
career_c_B_1,0.0107984645,B : carrière = Avocat,B (candidat),Études / carrière / objectif,0.0026703104
goal_A_3,0.009103976,A : objectif = obtenir un date,A (décideur),Études / carrière / objectif,0.002251287
goal_A_1,0.00866768,A : objectif = soirée fun,A (décideur),Études / carrière / objectif,0.002143397
career_c_A_1,0.008602599,A : carrière = Avocat,A (décideur),Études / carrière / objectif,0.0021273033
goal_A_2,0.008231529,A : objectif = rencontrer du monde,A (décideur),Études / carrière / objectif,0.0020355429
field_cd_B_1,0.008186373,B : études = Droit,B (candidat),Études / carrière / objectif,0.0020243765
field_cd_A_9,0.007825347,A : études = Éducation,A (décideur),Études / carrière / objectif,0.0019350996
career_c_B_7,0.007790986,B : carrière = Finance/Conseil/Business,B (candidat),Études / carrière / objectif,0.0019266027
field_cd_A_13,0.007684775,A : études = Sc. Po/Relations int.,A (décideur),Études / carrière / objectif,0.0019003382
imprelig_B,0.0076668453,B : importance même religion,B (candidat),Démographie / habitudes,0.0018959044
career_c_B_2,0.0074016782,B : carrière = Recherche,B (candidat),Études / carrière / objectif,0.0018303323
career_c_A_7,0.007395247,A : carrière = Finance/Conseil/Business,A (décideur),Études / carrière / objectif,0.001828742
field_cd_A_5,0.0073084948,A : études = Ingénierie,A (décideur),Études / carrière / objectif,0.0018072893
field_cd_A_1,0.0066996026,A : études = Droit,A (décideur),Études / carrière / objectif,0.0016567188
income_missing_B,0.0064084353,B : revenu non renseigné,B (candidat),Démographie / habitudes,0.0015847171
goal_A_5,0.0063341046,A : objectif = pour le dire,A (décideur),Études / carrière / objectif,0.0015663361
goal_B_1,0.00610792,B : objectif = soirée fun,B (candidat),Études / carrière / objectif,0.0015104038
field_cd_B_10,0.0058254497,B : études = Sciences,B (candidat),Études / carrière / objectif,0.0014405529
field_cd_B_13,0.0057469904,B : études = Sc. Po/Relations int.,B (candidat),Études / carrière / objectif,0.001421151
field_cd_A_11,0.005531093,A : études = Travail social,A (décideur),Études / carrière / objectif,0.0013677626
career_c_A_9,0.004843891,A : carrière = Humanitaire,A (décideur),Études / carrière / objectif,0.001197827
goal_B_4,0.00442273,B : objectif = relation sérieuse,B (candidat),Études / carrière / objectif,0.0010936797
field_cd_B_16,0.0042209597,B : études = Langues,B (candidat),Études / carrière / objectif,0.0010437848
career_c_A_2,0.0037186956,A : carrière = Recherche,A (décideur),Études / carrière / objectif,0.0009195818
field_cd_A_15,0.0036987357,A : études = Beaux-arts,A (décideur),Études / carrière / objectif,0.000914646
field_cd_B_9,0.0034851087,B : études = Éducation,B (candidat),Études / carrière / objectif,0.000861819
career_c_A_13,0.003167604,A : carrière = Politique,A (décideur),Études / carrière / objectif,0.0007833045
goal_B_2,0.0030194058,B : objectif = rencontrer du monde,B (candidat),Études / carrière / objectif,0.00074665714
career_c_A_4,0.0028889389,A : carrière = Médecin,A (décideur),Études / carrière / objectif,0.0007143945
field_cd_B_3,0.0027405866,B : études = Sc. sociales/Psy,B (candidat),Études / carrière / objectif,0.00067770906
field_cd_A_10,0.0024272148,A : études = Sciences,A (décideur),Études / carrière / objectif,0.0006002165
career_c_A_6,0.002320017,A : carrière = Arts/Spectacle,A (décideur),Études / carrière / objectif,0.000573708
career_c_B_5,0.002215699,B : carrière = Ingénieur,B (candidat),Études / carrière / objectif,0.0005479116
goal_B_3,0.0021734159,B : objectif = obtenir un date,B (candidat),Études / carrière / objectif,0.0005374556
career_c_A_5,0.0021599962,A : carrière = Ingénieur,A (décideur),Études / carrière / objectif,0.00053413707
career_c_A_3,0.0021372112,A : carrière = Psychologue,A (décideur),Études / carrière / objectif,0.0005285027
goal_A_6,0.002061922,A : objectif = autre,A (décideur),Études / carrière / objectif,0.00050988473
career_c_B_6,0.0017847681,B : carrière = Arts/Spectacle,B (candidat),Études / carrière / objectif,0.00044134838
career_c_B_9,0.001721356,B : carrière = Humanitaire,B (candidat),Études / carrière / objectif,0.00042566744
goal_B_5,0.001584345,B : objectif = pour le dire,B (candidat),Études / carrière / objectif,0.00039178654
goal_B_6,0.001524819,B : objectif = autre,B (candidat),Études / carrière / objectif,0.00037706655
field_cd_A_6,0.0014928161,A : études = Lettres/Journalisme,A (décideur),Études / carrière / objectif,0.00036915272
income_missing_A,0.001474079,A : revenu non renseigné,A (décideur),Démographie / habitudes,0.00036451928
career_c_A_10,0.001379526,A : carrière = Indécis,A (décideur),Études / carrière / objectif,0.00034113764
field_cd_B_7,0.0013551682,B : études = Histoire/Philo,B (candidat),Études / carrière / objectif,0.00033511428
field_cd_A_4,0.0010902807,A : études = Médecine/Pharma,A (décideur),Études / carrière / objectif,0.00026961128
field_cd_A_14,0.00093342736,A : études = Cinéma,A (décideur),Études / carrière / objectif,0.00023082363
field_cd_A_2,0.0007707624,A : études = Maths,A (décideur),Études / carrière / objectif,0.00019059885
field_cd_B_6,0.0006965023,B : études = Lettres/Journalisme,B (candidat),Études / carrière / objectif,0.00017223535
career_c_B_3,0.0006802585,B : carrière = Psychologue,B (candidat),Études / carrière / objectif,0.00016821848
field_cd_A_7,0.00066788995,A : études = Histoire/Philo,A (décideur),Études / carrière / objectif,0.00016515992
field_cd_B_15,0.00064911845,B : études = Beaux-arts,B (candidat),Études / carrière / objectif,0.00016051799
field_cd_B_14,0.00052566425,B : études = Cinéma,B (candidat),Études / carrière / objectif,0.00012998948
career_c_B_4,0.00052217336,B : carrière = Médecin,B (candidat),Études / carrière / objectif,0.00012912623
field_cd_A_18,0.00044446465,A : études = Autre,A (décideur),Études / carrière / objectif,0.00010990994
career_c_B_16,0.00038880605,B : carrière = Journalisme,B (candidat),Études / carrière / objectif,9.614634e-05
career_c_B_10,0.00024888897,B : carrière = Indécis,B (candidat),Études / carrière / objectif,6.154679e-05
field_cd_A_12,0.0,A : études = Undergrad/indécis,A (décideur),Études / carrière / objectif,0.0
field_cd_B_12,0.0,B : études = Undergrad/indécis,B (candidat),Études / carrière / objectif,0.0
field_cd_A_NA,0.0,A : études = non renseigné,A (décideur),Études / carrière / objectif,0.0
field_cd_A_16,0.0,A : études = Langues,A (décideur),Études / carrière / objectif,0.0
field_cd_A_17,0.0,A : études = Architecture,A (décideur),Études / carrière / objectif,0.0
field_cd_B_17,0.0,B : études = Architecture,B (candidat),Études / carrière / objectif,0.0
field_cd_B_18,0.0,B : études = Autre,B (candidat),Études / carrière / objectif,0.0
field_cd_B_NA,0.0,B : études = non renseigné,B (candidat),Études / carrière / objectif,0.0
career_c_A_11,0.0,A : carrière = Travail social,A (décideur),Études / carrière / objectif,0.0
career_c_A_NA,0.0,A : carrière = non renseigné,A (décideur),Études / carrière / objectif,0.0
career_c_A_8,0.0,A : carrière = Immobilier,A (décideur),Études / carrière / objectif,0.0
career_c_A_17,0.0,A : carrière = Architecture,A (décideur),Études / carrière / objectif,0.0
career_c_A_12,0.0,A : carrière = Orthophonie,A (décideur),Études / carrière / objectif,0.0
career_c_A_15,0.0,A : carrière = Autre,A (décideur),Études / carrière / objectif,0.0
career_c_A_14,0.0,A : carrière = Sport pro,A (décideur),Études / carrière / objectif,0.0
career_c_A_16,0.0,A : carrière = Journalisme,A (décideur),Études / carrière / objectif,0.0
career_c_B_17,0.0,B : carrière = Architecture,B (candidat),Études / carrière / objectif,0.0
career_c_B_NA,0.0,B : carrière = non renseigné,B (candidat),Études / carrière / objectif,0.0
career_c_B_8,0.0,B : carrière = Immobilier,B (candidat),Études / carrière / objectif,0.0
career_c_B_15,0.0,B : carrière = Autre,B (candidat),Études / carrière / objectif,0.0
career_c_B_11,0.0,B : carrière = Travail social,B (candidat),Études / carrière / objectif,0.0
career_c_B_14,0.0,B : carrière = Sport pro,B (candidat),Études / carrière / objectif,0.0
career_c_B_13,0.0,B : carrière = Politique,B (candidat),Études / carrière / objectif,0.0
goal_A_NA,0.0,A : objectif = non renseigné,A (décideur),Études / carrière / objectif,0.0
goal_B_NA,0.0,B : objectif = non renseigné,B (candidat),Études / carrière / objectif,0.0
