feature,label,importance
imprace_A,A : importance même origine,0.021567222
yoga_A,A : aime le yoga,0.020686213
gaming_A,A : aime les jeux vidéo,0.017078599
shar1_1_B,B : cherche : intérêts communs,0.016023492
exercise_B,B : aime la muscu,0.016006632
sports_B,B : aime le sport,0.012863005
date_B,B : fréquence de dates (1=souvent),0.01229424
shar1_1_A,A : cherche : intérêts communs,0.011637068
amb1_1_A,A : cherche : ambition,0.011548329
dining_B,B : aime les restaurants,0.010839034
exphappy_B,B : optimisme sur la soirée,0.010707787
date_A,A : fréquence de dates (1=souvent),0.010310537
tv_B,B : aime la TV,0.010164229
art_B,B : aime l'art,0.010049689
income_B,B : revenu médian du quartier,0.009819218
clubbing_A,A : aime sortir en boîte,0.00962383
exphappy_A,A : optimisme sur la soirée,0.009294035
fun1_1_B,B : cherche : humour,0.00862679
abs_age_diff,Couple : écart d'âge absolu,0.008155892
age_B,B : âge,0.007939935
attr1_1_A,A : cherche : physique,0.007450113
intel1_1_A,A : cherche : intelligence,0.007442301
gaming_B,B : aime les jeux vidéo,0.0065455227
fun3_1_B,B : se note : humour,0.0063017667
tvsports_A,A : aime le sport à la TV,0.005836806
hiking_B,B : aime la randonnée,0.005750154
tv_A,A : aime la TV,0.005271124
career_c_A_9,A : carrière = Humanitaire,0.0052079586
field_cd_B_2,B : études = Maths,0.0052008387
career_c_B_2,B : carrière = Recherche,0.005186763
attr1_1_B,B : cherche : physique,0.0051638787
amb1_1_B,B : cherche : ambition,0.0051539266
music_B,B : aime la musique,0.0047206124
reading_A,A : aime lire,0.004327848
dining_A,A : aime les restaurants,0.0040703504
goal_B_1,B : objectif = soirée fun,0.0040137935
sports_A,A : aime le sport,0.0039762575
yoga_B,B : aime le yoga,0.00373591
sinc1_1_B,B : cherche : sincérité,0.0032712151
age_A,A : âge,0.0030536302
reading_B,B : aime lire,0.003039528
attr3_1_A,A : se note : physique,0.0030116641
exercise_A,A : aime la muscu,0.0029960547
income_A,A : revenu médian du quartier,0.0027029715
intel1_1_B,B : cherche : intelligence,0.0025565173
fun1_1_A,A : cherche : humour,0.0024891347
career_c_A_1,A : carrière = Avocat,0.0023595542
concerts_B,B : aime les concerts,0.0023387226
fun3_1_A,A : se note : humour,0.0019728392
shopping_B,B : aime le shopping,0.0018754228
go_out_A,A : fréquence de sorties (1=souvent),0.0018622444
imprace_B,B : importance même origine,0.0011153586
field_cd_B_8,B : études = Business/Éco/Finance,0.0011130346
theater_B,B : aime le théâtre,0.0010073449
intel3_1_A,A : se note : intelligence,0.0008785583
sinc1_1_A,A : cherche : sincérité,0.00086561736
field_cd_B_5,B : études = Ingénierie,0.0008137338
field_cd_B_11,B : études = Travail social,0.0007467489
field_cd_A_5,A : études = Ingénierie,0.00066815724
amb3_1_A,A : se note : ambition,0.00063256104
tvsports_B,B : aime le sport à la TV,0.00058754126
movies_B,B : aime le cinéma,0.0005715475
career_c_B_7,B : carrière = Finance/Conseil/Business,0.00054749707
museums_B,B : aime les musées,0.00052511774
movies_A,A : aime le cinéma,0.0004518104
hiking_A,A : aime la randonnée,0.00037529794
art_A,A : aime l'art,0.0003708601
shopping_A,A : aime le shopping,0.00034401848
clubbing_B,B : aime sortir en boîte,0.00034387351
goal_B_2,B : objectif = rencontrer du monde,0.00034202606
field_cd_A_4,A : études = Médecine/Pharma,0.00033338828
sinc3_1_B,B : se note : sincérité,0.00033255183
music_A,A : aime la musique,0.00027789568
goal_A_2,A : objectif = rencontrer du monde,0.00024082103
concerts_A,A : aime les concerts,0.00023360521
imprelig_A,A : importance même religion,0.00021715058
fit_score,Couple : adéquation attentes/profil,0.0001601193
goal_A_6,A : objectif = autre,0.0001458186
imprelig_B,B : importance même religion,7.7630466e-05
goal_B_6,B : objectif = autre,5.3331158e-05
int_corr,Couple : intérêts en commun,4.22274e-05
age_diff,Couple : écart d'âge (B − A),2.7766857e-05
museums_A,A : aime les musées,0.0
theater_A,A : aime le théâtre,0.0
sinc3_1_A,A : se note : sincérité,0.0
field_cd_A_16,A : études = Langues,0.0
field_cd_A_15,A : études = Beaux-arts,0.0
field_cd_A_2,A : études = Maths,0.0
field_cd_A_17,A : études = Architecture,0.0
field_cd_A_10,A : études = Sciences,0.0
field_cd_A_12,A : études = Undergrad/indécis,0.0
field_cd_A_13,A : études = Sc. Po/Relations int.,0.0
field_cd_A_14,A : études = Cinéma,0.0
field_cd_A_11,A : études = Travail social,0.0
amb3_1_B,B : se note : ambition,0.0
field_cd_A_1,A : études = Droit,0.0
field_cd_B_14,B : études = Cinéma,0.0
field_cd_B_13,B : études = Sc. Po/Relations int.,0.0
field_cd_B_12,B : études = Undergrad/indécis,0.0
field_cd_B_10,B : études = Sciences,0.0
field_cd_A_NA,A : études = non renseigné,0.0
field_cd_B_1,B : études = Droit,0.0
field_cd_A_9,A : études = Éducation,0.0
field_cd_A_8,A : études = Business/Éco/Finance,0.0
field_cd_A_18,A : études = Autre,0.0
field_cd_A_7,A : études = Histoire/Philo,0.0
field_cd_A_6,A : études = Lettres/Journalisme,0.0
field_cd_A_3,A : études = Sc. sociales/Psy,0.0
field_cd_B_4,B : études = Médecine/Pharma,0.0
field_cd_B_18,B : études = Autre,0.0
field_cd_B_15,B : études = Beaux-arts,0.0
field_cd_B_17,B : études = Architecture,0.0
career_c_A_11,A : carrière = Travail social,0.0
career_c_A_12,A : carrière = Orthophonie,0.0
career_c_A_14,A : carrière = Sport pro,0.0
career_c_A_13,A : carrière = Politique,0.0
career_c_A_16,A : carrière = Journalisme,0.0
career_c_A_17,A : carrière = Architecture,0.0
career_c_A_2,A : carrière = Recherche,0.0
career_c_A_15,A : carrière = Autre,0.0
career_c_A_3,A : carrière = Psychologue,0.0
field_cd_B_3,B : études = Sc. sociales/Psy,0.0
field_cd_B_7,B : études = Histoire/Philo,0.0
field_cd_B_6,B : études = Lettres/Journalisme,0.0
field_cd_B_9,B : études = Éducation,0.0
field_cd_B_NA,B : études = non renseigné,0.0
career_c_A_10,A : carrière = Indécis,0.0
field_cd_B_16,B : études = Langues,0.0
career_c_B_1,B : carrière = Avocat,0.0
career_c_A_NA,A : carrière = non renseigné,0.0
career_c_A_8,A : carrière = Immobilier,0.0
career_c_A_7,A : carrière = Finance/Conseil/Business,0.0
career_c_A_5,A : carrière = Ingénieur,0.0
career_c_A_6,A : carrière = Arts/Spectacle,0.0
career_c_A_4,A : carrière = Médecin,0.0
career_c_B_13,B : carrière = Politique,0.0
career_c_B_17,B : carrière = Architecture,0.0
career_c_B_3,B : carrière = Psychologue,0.0
career_c_B_5,B : carrière = Ingénieur,0.0
career_c_B_10,B : carrière = Indécis,0.0
career_c_B_14,B : carrière = Sport pro,0.0
career_c_B_15,B : carrière = Autre,0.0
career_c_B_16,B : carrière = Journalisme,0.0
career_c_B_11,B : carrière = Travail social,0.0
career_c_B_NA,B : carrière = non renseigné,0.0
career_c_B_9,B : carrière = Humanitaire,0.0
career_c_B_8,B : carrière = Immobilier,0.0
career_c_B_6,B : carrière = Arts/Spectacle,0.0
career_c_B_4,B : carrière = Médecin,0.0
goal_A_3,A : objectif = obtenir un date,0.0
goal_A_4,A : objectif = relation sérieuse,0.0
goal_A_1,A : objectif = soirée fun,0.0
goal_A_NA,A : objectif = non renseigné,0.0
goal_A_5,A : objectif = pour le dire,0.0
goal_B_4,B : objectif = relation sérieuse,0.0
goal_B_3,B : objectif = obtenir un date,0.0
goal_B_5,B : objectif = pour le dire,0.0
goal_B_NA,B : objectif = non renseigné,0.0
income_missing_A,A : revenu non renseigné,0.0
income_missing_B,B : revenu non renseigné,0.0
