feature,reference_beta,p025,p975,sign_agreement
age_A,0.04724444785227455,-0.44526678232289646,0.4566471266959084,0.665
date_A,-0.1517521233581532,-0.243843654801806,-0.01894041383377295,0.995
go_out_A,0.08522313700604453,-0.043275322568652026,0.20903565948193564,0.935
imprace_A,-0.18086520277310944,-0.3146142200203819,-0.06352476345012743,1.0
imprelig_A,-0.11045666163588283,-0.2908511092965637,-0.024244741710898663,0.99
exphappy_A,0.18820917094320552,0.05439288202299502,0.32456610042270545,0.985
income_A,0.05980379493551417,-0.026119624827917055,0.2458624518521504,0.91
sports_A,-0.18092281750193343,-0.38786968184416204,0.04383907137058598,0.935
tvsports_A,0.09045972690736757,-0.09604397303932923,0.2525384865343349,0.815
exercise_A,-0.003924376208122538,-0.15892175315171636,0.1772689035955792,0.625
dining_A,0.002687297195993597,-0.13390461910327217,0.17027227993963326,0.455
museums_A,-0.19097516758600055,-0.43081414067165114,0.05576000198188327,0.935
art_A,0.08785934374315194,-0.0513545372539377,0.31182134004438666,0.885
hiking_A,-0.050505913804091175,-0.15047516262480654,0.09103608310500953,0.84
gaming_A,0.14707481720415766,-0.02361406015158751,0.25652461771739266,0.965
clubbing_A,0.10622242494056693,-0.07806709486564234,0.23455294422242784,0.92
reading_A,0.03125763740538425,-0.06287562017282293,0.15852612034085747,0.81
tv_A,0.14074825773941876,-0.019110136712806227,0.3553455405562277,0.945
theater_A,0.14770149734007462,0.011436473799971123,0.35680278670370486,0.985
movies_A,-0.2715187679241102,-0.4178133836855151,-0.21228012833175589,1.0
concerts_A,-0.09565493808821736,-0.24710003434517244,0.11828841874154679,0.83
music_A,0.07382020135364577,-0.07236347334119426,0.2310171720855851,0.86
shopping_A,-0.15979005193136003,-0.3725150081111181,0.07514411066933009,0.91
yoga_A,0.20811450815839463,0.08219815672772682,0.3257298608821225,0.995
attr1_1_A,-0.5948642360010353,-0.9203724940507618,0.02210425006754965,0.95
sinc1_1_A,-0.2838569868263867,-0.45079115658532054,0.08336346279894292,0.875
intel1_1_A,-0.3305364291098158,-0.5361900981780018,0.03079767150476544,0.96
fun1_1_A,-0.333069847370304,-0.5025089748519201,-0.030558091960635643,0.99
amb1_1_A,-0.24300968840509332,-0.46217096093032806,0.18482574145827338,0.87
shar1_1_A,-0.2108433121979055,-0.4267209710505239,0.21042524795798953,0.785
attr3_1_A,-0.18817881935916994,-0.3512298020155426,0.034086348758679115,0.96
sinc3_1_A,-0.10875544663005608,-0.26629353526683347,-0.021194385095107997,0.99
intel3_1_A,0.222304194274403,0.11484690625149108,0.32687571946586064,1.0
fun3_1_A,-0.0034915963407669164,-0.19172460535722696,0.1350878765865137,0.465
amb3_1_A,-0.018174836279019523,-0.17119282040910677,0.134597639726568,0.655
age_B,-0.19105388356833644,-0.6040502640130642,0.2554143415979474,0.86
date_B,-0.0424038653693363,-0.183453534062465,0.025645407214044527,0.94
go_out_B,-0.1054839622728469,-0.20863600379796,0.02101203066611078,0.945
imprace_B,-0.03780001203132782,-0.22017316276919177,0.06896938508172362,0.765
imprelig_B,0.046070907736045004,-0.05559638472028063,0.1364936240822965,0.865
exphappy_B,-0.10685229335604511,-0.18808137130923355,-0.033775071312186246,0.995
income_B,0.05903034495565048,-0.09542943119712118,0.21008775396157228,0.715
sports_B,0.15115371555067722,0.00085044806505949,0.33387683198359536,0.975
tvsports_B,-0.09730269185309072,-0.21941545200110316,0.023251370330424282,0.95
exercise_B,0.05752066745154174,-0.101670911056547,0.17865195883330617,0.795
dining_B,0.08986796780138284,-0.022493376960602,0.26193171794359404,0.945
museums_B,-0.06263244535649656,-0.21064683874769285,0.10273927567092984,0.72
art_B,0.12427634301581184,-0.1286833678592296,0.28137096997890054,0.865
hiking_B,0.09774219365407028,-0.052462105866724895,0.2588343094114919,0.92
gaming_B,-0.051094623451267356,-0.15941428053108078,0.08100098555903376,0.74
clubbing_B,0.10203364098232934,0.0014928607734577002,0.19714605760351758,0.98
reading_B,-0.03856412372931194,-0.19069275961704346,0.10746435637727332,0.68
tv_B,-0.0537324079476347,-0.21629045948807293,0.03403643817767858,0.905
theater_B,-0.032232616991433136,-0.17959674841961953,0.11717608140495112,0.675
movies_B,-0.14619236887416504,-0.29356532731099483,0.03419421546320593,0.945
concerts_B,0.08761482820205124,0.00789848912736693,0.15426888981014966,0.98
music_B,0.017249033048126056,-0.08798339193771317,0.15357499403755157,0.675
shopping_B,-0.04495314806445824,-0.17883597302761667,0.0404517309479606,0.88
yoga_B,-0.03754531905136756,-0.14689665163676374,0.11286303007856856,0.745
attr1_1_B,0.21946101016976657,-0.12295444397839923,1.042641496530613,0.86
sinc1_1_B,0.03931998904499824,-0.2811776692893713,0.4190429089960561,0.595
intel1_1_B,0.22866115475176138,0.00466763090302768,0.6664126735587166,0.975
fun1_1_B,0.16432478532703912,-0.06689910595149082,0.4873512660808657,0.895
amb1_1_B,0.17053822098479243,-0.037518194333436485,0.49757302023813205,0.955
shar1_1_B,-0.03340677331367268,-0.26915754517859314,0.32244751599215876,0.69
attr3_1_B,0.020556568466376983,-0.20882046957373177,0.20148891288384754,0.54
sinc3_1_B,0.07425854970639686,-0.026336855786417254,0.21728718137858766,0.945
intel3_1_B,-0.23940729380695341,-0.39129471740038196,-0.12622957293536877,1.0
fun3_1_B,0.09095645229549666,-0.06434264541336847,0.25623542199609717,0.91
amb3_1_B,-0.17585981975965836,-0.3507944552223367,-0.04006786561401543,0.99
int_corr,0.019519584965721728,-0.06090223394983989,0.07635469447600308,0.745
age_diff,0.12538994297981776,-0.4967228013143339,0.6148324834015633,0.755
abs_age_diff,-0.07960892801369703,-0.1992141894684512,-0.02349253822979785,0.995
fit_score,0.15726465142705112,-0.11019281905509135,0.5362004593094871,0.84
field_cd_A_1,-0.03193724976513044,-0.28564496586956684,0.19643228696631226,0.645
field_cd_A_10,0.07208988661376277,-0.003320844895540517,0.17926107025557927,0.97
field_cd_A_11,-0.049590049579129075,-0.2957221191044499,0.1617043147668957,0.665
field_cd_A_12,0.0,0.0,0.0,1.0
field_cd_A_13,-0.05335281786980576,-0.18708265035918206,0.06780212116855737,0.86
field_cd_A_14,0.08627546662668957,-0.005812433549582953,0.2429768857065168,0.94
field_cd_A_15,-0.09409876023164075,-0.19305692588859183,0.08670745061931054,0.865
field_cd_A_16,0.026199975393061972,-0.04410062382575985,0.10090797192675866,0.79
field_cd_A_17,-0.0017999091807559642,-0.014825638919284869,0.01748024698994022,0.26
field_cd_A_18,0.012532271432354795,-0.5696960413721979,0.4043438758975218,0.475
field_cd_A_2,-0.04050172444269623,-0.13058342746548404,0.08993686456394039,0.76
field_cd_A_3,0.09431615947301158,0.025956417604710336,0.2031670161965323,0.995
field_cd_A_4,0.14526868823911504,0.028486630783895617,0.3051171668802938,0.985
field_cd_A_5,0.014784387522061274,-0.14350952817377755,0.27219505764389323,0.585
field_cd_A_6,-0.05039712454337881,-0.19880923876919646,0.07112726141313239,0.725
field_cd_A_7,-0.05247330001877286,-0.16105202099713956,0.04549297586963569,0.85
field_cd_A_8,-0.13075240947369088,-0.30902814159634207,0.03802928110407882,0.935
field_cd_A_9,0.13245995291411633,-0.08802582338290663,0.3005891414718002,0.89
field_cd_A_NA,-0.00410995552961682,-0.050668155580524885,0.046121748760844974,0.635
field_cd_B_1,-0.006633523262599601,-0.18982834915441385,0.18105521651049647,0.55
field_cd_B_10,-0.01066648355443797,-0.15021869675120034,0.12285177797710929,0.505
field_cd_B_11,-0.109968425923172,-0.24275153326538113,0.037210238184755225,0.935
field_cd_B_12,0.0,0.0,0.0,1.0
field_cd_B_13,0.045349938399020316,-0.11871876494150485,0.12840881162311418,0.79
field_cd_B_14,0.04063465738575717,-0.14198676200488872,0.13028289411253358,0.655
field_cd_B_15,-0.005965199778765886,-0.09784729771272625,0.13291777468839605,0.505
field_cd_B_16,0.09730434058473254,0.0023621829578951616,0.17674401458461733,0.975
field_cd_B_17,-0.014372838391271073,-0.02854966691387077,0.0,0.615
field_cd_B_18,0.024929144818174934,-0.1803304370979113,0.16287394809762432,0.65
field_cd_B_2,-0.1139873447992205,-0.2855169421546964,-0.038821234493201476,1.0
field_cd_B_3,0.014006098043379258,-0.15095049549772988,0.11219980093464389,0.595
field_cd_B_4,0.19177280367768376,0.08489388638779528,0.33584120562805725,1.0
field_cd_B_5,-0.1500905630348189,-0.3568541148784338,-0.007830760909623159,0.98
field_cd_B_6,0.037633705911282636,-0.06474267495836872,0.24153923228860516,0.755
field_cd_B_7,0.006982839183237984,-0.0878910006179268,0.07936705165522802,0.645
field_cd_B_8,0.1042485951407219,-0.043407564754360785,0.2359779368417501,0.875
field_cd_B_9,-0.07399827007969151,-0.23516208666101676,0.0660535649687225,0.82
field_cd_B_NA,0.08736183988126792,-0.02358279789564942,0.1482997590087585,0.855
career_c_A_1,0.06286120002048719,-0.12288544223498585,0.35466218716154485,0.845
career_c_A_10,-0.03131369840826782,-0.18475920855335073,0.10230206083225618,0.675
career_c_A_11,0.005961879392334053,-0.1796040577612521,0.3553019910575492,0.515
career_c_A_12,-0.09475492901191285,-0.1270288455293276,0.0,0.665
career_c_A_13,-0.10292934576675188,-0.7370945229457484,4.4829076134947367e-05,0.93
career_c_A_14,0.019434673057935434,-0.0066370070957713495,0.08506976848754219,0.53
career_c_A_15,-0.014147508713876279,-0.37481418289938956,1.116717570999208,0.43
career_c_A_16,-0.0073169912869984755,-0.06948346555462384,0.04693628404019753,0.455
career_c_A_17,-0.0017999091807559642,-0.014825638919284869,0.01748024698994022,0.26
career_c_A_2,-0.011961294050154824,-0.14667029352165548,0.14325921064252914,0.615
career_c_A_3,-0.0355438368750226,-0.21682564978261973,0.1857527742248058,0.68
career_c_A_4,-0.14215708951224218,-0.26210092511817473,-0.04996185592798436,1.0
career_c_A_5,0.08364916327652286,-0.05016511270990456,0.22837142027531254,0.89
career_c_A_6,0.023029457446953356,-0.19155527167890496,0.13551674729283733,0.535
career_c_A_7,0.10106240476050264,-0.03629575497742724,0.265951760793398,0.925
career_c_A_8,-0.0029999901636142533,-0.14372433220136396,0.09609974750653943,0.425
career_c_A_9,-0.03042020851341025,-0.22196336311922782,0.10888892609345772,0.63
career_c_A_NA,-0.03350445872148692,-0.11187743907829711,0.03588065201578615,0.795
career_c_B_1,0.11711784505564207,-0.10079538766246143,0.3042599189164715,0.87
career_c_B_10,0.0014459083555725595,-0.09851116273039004,0.13935655214688855,0.41
career_c_B_11,0.0015293294839074916,-0.12477516623937733,0.1657846919471712,0.535
career_c_B_12,-0.13961454538175103,-0.1660121581407313,0.0,0.665
career_c_B_13,-0.02666932883138571,-0.11270258892918392,0.22137949621364875,0.56
career_c_B_14,0.06675108493678616,0.0,0.13361877270503755,0.58
career_c_B_15,0.003084156819686146,-0.24978878338173474,0.19256283032198457,0.525
career_c_B_16,0.05438283463832713,-0.010747073682301028,0.10349596737890177,0.615
career_c_B_17,-0.014372838391271073,-0.02854966691387077,0.0,0.615
career_c_B_2,0.0042455017796729526,-0.06831275314625727,0.12259271536796541,0.405
career_c_B_3,-0.0027654842710721,-0.24484623912080977,0.13372904593098045,0.605
career_c_B_4,-0.024367057932996466,-0.15767742686583378,0.0662645997933297,0.67
career_c_B_5,-0.029071255377164925,-0.1534085532164194,0.1595409053424106,0.71
career_c_B_6,-0.01071571112031419,-0.20752052897465714,0.17694132739556612,0.47
career_c_B_7,-0.001267351640246771,-0.10957748645902893,0.0975267804763833,0.49
career_c_B_8,0.018446949310449767,-0.06323981495708346,0.08178280794055733,0.535
career_c_B_9,0.017410641619284815,-0.08579774793559736,0.14304122350546147,0.675
career_c_B_NA,-0.15749594836723968,-0.21416052247869002,0.052063026564953596,0.76
goal_A_1,-0.04097761483302457,-0.1381764857111135,0.03760986313785126,0.86
goal_A_2,0.038404960793746425,-0.0679950804207641,0.1177266391375216,0.73
goal_A_3,0.02582917705524895,-0.043801223636954933,0.15055566372562024,0.775
goal_A_4,0.07507336080437131,-0.07055031714125763,0.2603063435334969,0.88
goal_A_5,-0.07647868227172314,-0.1637962486139979,0.030678744754832336,0.925
goal_A_6,-0.0030962313072114647,-0.13897802227701586,0.14990025945382623,0.495
goal_A_NA,-0.00410995552961682,-0.050668155580524885,0.046121748760844974,0.635
goal_B_1,-0.004015407332118939,-0.08961953621647917,0.06741788770529408,0.45
goal_B_2,-0.02287941744264306,-0.10337191335522149,0.07701428620352228,0.605
goal_B_3,0.042816878482289,-0.04716933600905218,0.1398966152938293,0.89
goal_B_4,-0.02369217958185778,-0.14064233120991104,0.059486942306698556,0.805
goal_B_5,0.009289839157137556,-0.10541822282130461,0.0901570746341737,0.535
goal_B_6,-0.024057367391865047,-0.11459878168614213,0.10426377008614293,0.725
goal_B_NA,0.08736183988127826,-0.023582797895649432,0.14829975900875864,0.855
