model,replicate,auc,flip_rate,probability_mae,vector_cosine_distance,vector_euclidean_distance
logit,0,0.5539759682319275,0.12869660460021906,0.07717110165042632,0.11016576669677103,0.770629712725959
xgb,0,0.6135668183805189,0.1686746987951807,0.08406396955251694,0.05545330047607422,0.030673962086439133
logit,1,0.5803158929749996,0.13855421686746988,0.09497593639233762,0.14862068630092384,1.0544645794959662
xgb,1,0.6032578682428255,0.25136911281489593,0.12163954973220825,0.13749665021896362,0.05018225684762001
logit,2,0.5776967167848908,0.09309967141292443,0.05787452188977258,0.07756851743743387,0.6847153213809819
xgb,2,0.6446369336903934,0.18565169769989048,0.08207886666059494,0.07970625162124634,0.036615729331970215
logit,3,0.5492653694458832,0.1801752464403067,0.11389254701124979,0.2497268834355847,1.176485497458101
xgb,3,0.6057741875839538,0.21193866374589265,0.1125742718577385,0.11355268955230713,0.04380972310900688
logit,4,0.5659012402821706,0.1248630887185104,0.09085222693313653,0.1818757133314961,1.160319882991746
xgb,4,0.5929219794065894,0.22508214676889376,0.11272529512643814,0.07756286859512329,0.03618355840444565
logit,5,0.5658167507276509,0.08214676889375684,0.04559653365912224,0.10622654543259225,0.701138259553691
xgb,5,0.6224614868447315,0.13362541073384446,0.06661604344844818,0.05338078737258911,0.029468223452568054
logit,6,0.586875466070097,0.1429353778751369,0.09334982004976004,0.21935611379150655,1.1609900473259795
xgb,6,0.6194553729846487,0.17579408543263966,0.09430356323719025,0.07180660963058472,0.03448975458741188
logit,7,0.5767073318566028,0.11226725082146768,0.07043749029680216,0.09678517834920497,0.6888745902542533
xgb,7,0.5952154422415936,0.19605695509309967,0.08658698201179504,0.09339874982833862,0.03991861641407013
logit,8,0.571427346942274,0.15772179627601315,0.10565764595838043,0.12095717424501928,0.7967008869185732
xgb,8,0.600344815341344,0.21686746987951808,0.10721360892057419,0.08183103799819946,0.037002310156822205
logit,9,0.5987040037028466,0.1664841182913472,0.10701071893892743,0.33228029531153813,1.441094514140308
xgb,9,0.6373194035772142,0.20700985761226726,0.10526356846094131,0.07748395204544067,0.035547759383916855
logit,10,0.5713379594425649,0.15717415115005476,0.10445807752259183,0.19228995767111123,1.1004502227145945
xgb,10,0.5969015598730942,0.22015334063526834,0.1027275025844574,0.11644923686981201,0.04525023326277733
logit,11,0.5430462035414593,0.18127053669222343,0.12290882307639954,0.21169633540105437,1.4031771707068352
xgb,11,0.6025378702999624,0.23713033953997809,0.11403120309114456,0.10302925109863281,0.04140371084213257
logit,12,0.5619620678634796,0.13636363636363635,0.07588948299481137,0.13467069247009733,0.7282512922253102
xgb,12,0.5673583789760601,0.21412924424972618,0.10405194014310837,0.08905667066574097,0.03870905935764313
logit,13,0.5783040619883943,0.17360350492880613,0.10155138681729158,0.23995296895306062,1.1106266899365742
xgb,13,0.6080431606930102,0.1976998904709748,0.09649986028671265,0.10758566856384277,0.04277924820780754
logit,14,0.5180777034514595,0.2289156626506024,0.15733107308513214,0.3801185515279334,2.3064664765715883
xgb,14,0.5977905369249965,0.24808324205914567,0.1288071572780609,0.10725009441375732,0.0427718348801136
logit,15,0.5784840614741101,0.1456736035049288,0.0939118833760886,0.1654157677116418,0.9431195866474538
xgb,15,0.5957952365034059,0.20262869660460023,0.09824104607105255,0.0896759033203125,0.039037518203258514
logit,16,0.5591004433864883,0.18565169769989048,0.1272207194564719,0.2207029889056873,1.268695064673338
xgb,16,0.5872636282263684,0.24260679079956188,0.11659325659275055,0.06659197807312012,0.03352943807840347
logit,17,0.5641587962809902,0.11883899233296824,0.07074599284399873,0.20790509746801944,1.0554473565364832
xgb,17,0.5963689083337314,0.20920043811610076,0.09544514119625092,0.06825882196426392,0.033620867878198624
logit,18,0.5560575949374839,0.15826944140197152,0.10773252341019095,0.22617483439788744,1.2706885564988466
xgb,18,0.5670596043194979,0.2343921139101862,0.11614622920751572,0.1208696961402893,0.045561932027339935
logit,19,0.5702836767405154,0.1829134720700986,0.13137145341065298,0.3323721479898236,1.5542804275613593
xgb,19,0.589089337295771,0.2524644030668127,0.12300480902194977,0.09411263465881348,0.03923317790031433
logit,20,0.5765959036035407,0.14457831325301204,0.09464804844326787,0.27715228701284234,1.4533170911596474
xgb,20,0.6060399011104867,0.2086527929901424,0.09754853695631027,0.07084256410598755,0.03443804010748863
logit,21,0.5727473431708563,0.13636363636363635,0.07847311080363546,0.17547097415802015,0.9146013382713504
xgb,21,0.6264826998453473,0.19386637458926614,0.09718839079141617,0.10060030221939087,0.040824443101882935
logit,22,0.5861542436409366,0.1796276013143483,0.11697394213655739,0.29111253220950883,1.2778509462880714
xgb,22,0.6021227694451485,0.20810514786418402,0.09858600050210953,0.06490933895111084,0.03248569369316101
logit,23,0.584322412140047,0.1741511500547645,0.11642134688268571,0.24195807017623372,1.240899959139916
xgb,23,0.6024227685880081,0.22562979189485213,0.11009296774864197,0.17287009954452515,0.05732711777091026
logit,24,0.593646875294642,0.13745892661555312,0.09544958707021507,0.14417314885477672,1.0093778191509566
xgb,24,0.5923917768398212,0.18729463307776562,0.09018377214670181,0.08240222930908203,0.03693708777427673
logit,25,0.626062701045344,0.21358159912376778,0.14047531661573895,0.365203241500771,1.829627002405636
xgb,25,0.642272450650141,0.21960569550930997,0.11271671950817108,0.09224414825439453,0.03953507915139198
logit,26,0.5778926345924726,0.1955093099671413,0.11768933331736331,0.2662770399705463,1.2023722841883082
xgb,26,0.6044223547116396,0.22234392113910187,0.11009000986814499,0.090212881565094,0.03871855512261391
logit,27,0.5573016730156282,0.1588170865279299,0.09859085478082698,0.18757699657232962,1.17939375368418
xgb,27,0.5976117619255782,0.2212486308871851,0.09978246688842773,0.07131195068359375,0.03432824835181236
logit,28,0.5575979986995956,0.15991237677984665,0.11139504558268107,0.17609837750983603,1.357385316711396
xgb,28,0.6248798472820689,0.2316538882803943,0.1223801001906395,0.09469872713088989,0.04013688117265701
logit,29,0.5755171311755436,0.2316538882803943,0.15832212619897174,0.2488796041269774,1.2238637856722663
xgb,29,0.5972358446322806,0.2661555312157722,0.12803445756435394,0.12139058113098145,0.04531943053007126
logit,30,0.5697963311941557,0.09967141292442497,0.05812846003701145,0.059685818405731283,0.5245962793941173
xgb,30,0.6020701165343609,0.17086527929901424,0.07812506705522537,0.07315462827682495,0.03444217890501022
logit,31,0.591448922390834,0.1254107338444688,0.0789648853958414,0.10010505988365126,0.7159314436583522
xgb,31,0.6131480440668129,0.19058050383351588,0.09546225517988205,0.061777591705322266,0.03199483081698418
logit,32,0.6070733675454805,0.18784227820372398,0.12140444654183029,0.4707870222641458,2.094097593395148
xgb,32,0.6025427682451518,0.21084337349397592,0.11179380863904953,0.06874537467956543,0.03369725123047829
logit,33,0.5797783434904472,0.171960569550931,0.10900355026340154,0.17504603099270866,1.1063034942551724
xgb,33,0.5961546232316888,0.21358159912376778,0.1057688519358635,0.07724082469940186,0.03640834614634514
logit,34,0.598178699081268,0.1823658269441402,0.12347457546678084,0.23747610239193573,1.1639744767387572
xgb,34,0.618945986684936,0.22289156626506024,0.11131967604160309,0.10632592439651489,0.0421539731323719
logit,35,0.5548894350097775,0.25191675794085433,0.17569240907781478,0.4735027619354192,2.7446455385233213
xgb,35,0.5850730222403446,0.29244249726177435,0.1589050590991974,0.11316275596618652,0.04459497332572937
logit,36,0.5567812663392391,0.15826944140197152,0.10597347615745248,0.2546757484658715,1.3615464003691722
xgb,36,0.5990333905168435,0.21193866374589265,0.1022045761346817,0.08932065963745117,0.03830572962760925
logit,37,0.6287100404202927,0.19167579408543264,0.13514358507958,0.3514542099243336,1.477879510197342
xgb,37,0.6183300700773509,0.2497261774370208,0.12355737388134003,0.0872650146484375,0.03803751990199089
logit,38,0.5615616608442343,0.17634173055859803,0.12337273815348888,0.25774614848365096,1.5765466935139736
xgb,38,0.5847987373097301,0.2497261774370208,0.12393922358751297,0.07749384641647339,0.03571482375264168
logit,39,0.5871032205214107,0.140197152245345,0.08710599576419152,0.27490846867230134,1.136403926678782
xgb,39,0.638961439702009,0.17634173055859803,0.09321358054876328,0.06259948015213013,0.03228680044412613
logit,40,0.5931227951593607,0.15224534501642936,0.09069165449582496,0.18072024722282265,0.8774259748490773
xgb,40,0.6204778190429661,0.19879518072289157,0.09568450599908829,0.0750199556350708,0.03524944931268692
logit,41,0.5843811874823216,0.20920043811610076,0.13300844439714035,0.2956917327073799,1.4175737924373966
xgb,41,0.5642163471369673,0.2469879518072289,0.13546819984912872,0.1011815071105957,0.0417475663125515
logit,42,0.5692930673259301,0.1484118291347207,0.0823390521791287,0.2283465873561361,1.046256964926302
xgb,42,0.615270078820183,0.2004381161007667,0.09876564890146255,0.0784304141998291,0.03610142692923546
logit,43,0.5939652417319624,0.12267250821467689,0.08174021612264311,0.12654324576259646,0.7721312582041562
xgb,43,0.6225325070499799,0.20427163198247536,0.09172232449054718,0.05642879009246826,0.03020622953772545
logit,44,0.5862007741202373,0.10898138006571742,0.06799527751453313,0.13487752992803503,0.8308646206188792
xgb,44,0.6364181816623382,0.1829134720700986,0.08731361478567123,0.07293063402175903,0.03462803736329079
logit,45,0.5529669915228813,0.11883899233296824,0.07889268993008072,0.12267048200402664,0.7706862352124211
xgb,45,0.5989537989075133,0.20700985761226726,0.10271421074867249,0.10122859477996826,0.04099959135055542
logit,46,0.5653857315509709,0.1484118291347207,0.09932893702687881,0.18825126312300788,1.077861585762943
xgb,46,0.6196206786347958,0.1949616648411829,0.0985570102930069,0.07088273763656616,0.03467811644077301
logit,47,0.5480788422237162,0.2157721796276013,0.13571963767575668,0.43522204538936493,1.6699666633784112
xgb,47,0.6098260127420044,0.23001095290251916,0.12048044055700302,0.10027390718460083,0.04163700342178345
logit,48,0.5488637379403405,0.1456736035049288,0.08810167272189097,0.12224996377843167,0.9804854432029528
xgb,48,0.6190151701607383,0.19112814895947425,0.09088446944952011,0.07339423894882202,0.03479598090052605
logit,49,0.5750738671358898,0.20481927710843373,0.1329308732695508,0.35371007066972404,1.4067837296457273
xgb,49,0.600500325101112,0.20755750273822562,0.11524681746959686,0.1060987114906311,0.042405176907777786
logit,50,0.5627824736827283,0.16319824753559695,0.10812766324868704,0.27659692180002926,1.278482135567618
xgb,50,0.5942517715255506,0.21905805038335158,0.10958781838417053,0.08528637886047363,0.03762947767972946
logit,51,0.5812709922869608,0.07940854326396495,0.04775507937639317,0.05703353905893738,0.48127699565954263
xgb,51,0.6057313305635453,0.15826944140197152,0.07546406239271164,0.05282562971115112,0.029272936284542084
logit,52,0.5297176701944117,0.17250821467688937,0.12450628804732873,0.3246324311902663,1.9657846988204222
xgb,52,0.566428993876344,0.2469879518072289,0.11673109233379364,0.0798332691192627,0.03656534478068352
logit,53,0.5927566737564423,0.1829134720700986,0.12008447203249731,0.24714859044925797,1.2061454226523705
xgb,53,0.6076819372352814,0.21905805038335158,0.11339384317398071,0.11556088924407959,0.04447130486369133
logit,54,0.5738028503592031,0.16593647316538881,0.09825947916811074,0.18940674756839682,1.0074356434380123
xgb,54,0.6119100884201556,0.20481927710843373,0.09704239666461945,0.09129440784454346,0.0389118418097496
logit,55,0.5766987604525211,0.16812705366922234,0.10499969939644882,0.1421498840057116,1.1974009500065192
xgb,55,0.6300275876762801,0.21686746987951808,0.1140890121459961,0.1080290675163269,0.04358496889472008
logit,56,0.6015264446183215,0.18072289156626506,0.1276442424985542,0.3431512116879265,1.5251441977095788
xgb,56,0.6408422506547942,0.2343921139101862,0.11189207434654236,0.09929275512695312,0.040481969714164734
logit,57,0.5695636787976524,0.16976998904709747,0.10676964672962304,0.33666012021908764,1.6972331115201844
xgb,57,0.6378924631643911,0.19989047097480833,0.10633978247642517,0.08803457021713257,0.03804676607251167
logit,58,0.5599759510891194,0.11336254107338445,0.07824086970381254,0.12396164757810824,0.9987337093688368
xgb,58,0.609481932092439,0.19879518072289157,0.08833286911249161,0.0589483380317688,0.031069567427039146
logit,59,0.5677073575708151,0.15498357064622126,0.09621529946333945,0.16049929079524605,0.9730044268219881
xgb,59,0.5968929884690126,0.21412924424972618,0.10699815303087234,0.08274799585342407,0.03691143915057182
logit,60,0.5677759288034687,0.12431544359255203,0.07441491329216185,0.16834496370071172,1.04980997779317
xgb,60,0.6157133428598367,0.19715224534501644,0.09947714954614639,0.06588870286941528,0.03329935297369957
logit,61,0.5838975153948539,0.1976998904709748,0.12726077965421162,0.26359963372005346,1.3138588151151183
xgb,61,0.608851321649285,0.2316538882803943,0.11625848710536957,0.07786828279495239,0.03591068089008331
logit,62,0.5322817445011382,0.13581599123767799,0.08663091684354232,0.1611316517849577,0.9694301425987869
xgb,62,0.5990284925716539,0.21084337349397592,0.09970726817846298,0.07556402683258057,0.0357331708073616
logit,63,0.553847397170702,0.2059145673603505,0.12216170907773923,0.22624933071273556,1.175094975184407
xgb,63,0.5762946799743838,0.24589266155531217,0.12111129611730576,0.08351349830627441,0.03735313564538956
logit,64,0.5863599573388975,0.1254107338444688,0.08736210311563228,0.23797551635078906,1.2220652935507663
xgb,64,0.6117300889344398,0.19167579408543264,0.09180713444948196,0.05925720930099487,0.031244654208421707
logit,65,0.5933554475558641,0.19386637458926614,0.11627260076816018,0.27341319152545596,1.1257127957994073
xgb,65,0.6144539587029751,0.22727272727272727,0.11715482920408249,0.10892832279205322,0.04333280399441719
logit,66,0.5953256460083584,0.13143483023001096,0.08457605184682301,0.13485004044055315,0.7985602106657591
xgb,66,0.6080174464807652,0.2059145673603505,0.10202885419130325,0.0645066499710083,0.032637301832437515
logit,67,0.6083578536714385,0.2004381161007667,0.13830462005758343,0.339967698501744,1.8621520440472703
xgb,67,0.6107811120539656,0.23986856516976998,0.12245967239141464,0.08508354425430298,0.037499915808439255
logit,68,0.5620624757398653,0.19112814895947425,0.1364395222097037,0.2946183142765457,1.847536210516717
xgb,68,0.5983844127792288,0.2677984665936473,0.12188420444726944,0.06879949569702148,0.0335288941860199
logit,69,0.5465568057560651,0.1429353778751369,0.09079220528230747,0.12399301956735187,0.8425717057754768
xgb,69,0.6227161799945878,0.19058050383351588,0.08963557332754135,0.10217088460922241,0.04148893058300018
logit,70,0.5465898668860947,0.13964950711938665,0.08822799104705384,0.20526868799845632,1.0435805823079276
xgb,70,0.6026872576282435,0.2004381161007667,0.09771541506052017,0.07119578123092651,0.03424780070781708
logit,71,0.55725391805003,0.14676889375684557,0.09159754222673475,0.17895810617003993,0.9007354204234288
xgb,71,0.6009142014696285,0.19058050383351588,0.0934247374534607,0.09039008617401123,0.03905804827809334
logit,72,0.5837885361143866,0.16265060240963855,0.1052912358951912,0.2575775592236601,1.1533781779634649
xgb,72,0.6201827178452959,0.20646221248630886,0.10073404759168625,0.08104687929153442,0.03682422637939453
logit,73,0.6023921564305734,0.1171960569550931,0.08184222885718258,0.09834147944907534,0.7571622494515763
xgb,73,0.6290835087409954,0.1955093099671413,0.09562317281961441,0.056944847106933594,0.03064470924437046
logit,74,0.5803501785913264,0.10733844468784227,0.06884074269112048,0.20796641125722604,1.070230015080001
xgb,74,0.6034795002626523,0.16812705366922234,0.08392893522977829,0.0726919174194336,0.034363143146038055
logit,75,0.5918811660538112,0.21029572836801752,0.13733083693302492,0.4183099584368548,1.5870342537790005
xgb,75,0.6150655896085194,0.21139101861993428,0.10823410004377365,0.08942866325378418,0.03863653540611267
logit,76,0.5570641226739352,0.20700985761226726,0.14547079868159682,0.3912257036182838,1.7006116550947845
xgb,76,0.5854171028899101,0.2656078860898138,0.13301900029182434,0.1331338882446289,0.048481885343790054
logit,77,0.5730963217656113,0.21412924424972618,0.16479281449075892,0.48975508402841317,2.3787420821186958
xgb,77,0.5934460595418707,0.27491785323110624,0.13281968235969543,0.11061036586761475,0.042781196534633636
logit,78,0.5608845199217799,0.1851040525739321,0.11779419956463373,0.2499345202106078,1.2835899447088388
xgb,78,0.5865019977493942,0.22234392113910187,0.11623316258192062,0.09500205516815186,0.040339067578315735
logit,79,0.5586314651345894,0.14676889375684557,0.09290273850966689,0.26504731740876886,1.2250560509120052
xgb,79,0.5792016104443782,0.20372398685651696,0.0974140390753746,0.06062394380569458,0.03154445067048073
logit,80,0.5544633137782872,0.14074479737130338,0.09143700355154445,0.21114777720188593,1.01900817023526
xgb,80,0.5624285971427836,0.19112814895947425,0.09567482769489288,0.06695693731307983,0.03311678767204285
logit,81,0.5506294471811712,0.12322015334063527,0.08277683765276388,0.20440044214712572,1.064169584773178
xgb,81,0.5747273375137295,0.21412924424972618,0.09495995193719864,0.08048737049102783,0.036360930651426315
logit,82,0.6057631672072774,0.20646221248630886,0.12594306297980765,0.3711939293875336,1.5649574822030827
xgb,82,0.6037562341658615,0.20481927710843373,0.099832683801651,0.06537938117980957,0.03263384476304054
logit,83,0.593706875123214,0.1248630887185104,0.07926242405407741,0.0920084654877853,0.6458710718989848
xgb,83,0.6186019060353705,0.22070098576122674,0.10159973055124283,0.07435673475265503,0.03485772758722305
logit,84,0.5967631929214897,0.15553121577217963,0.08710736258684,0.27443161866026666,1.3793871305858014
xgb,84,0.630366770380656,0.1823658269441402,0.09520348161458969,0.06270718574523926,0.032096751034259796
logit,85,0.5959697258007834,0.19715224534501644,0.12067984916931758,0.4341130604515695,1.7477590384607486
xgb,85,0.6282165724424461,0.1927710843373494,0.09757881611585617,0.07634329795837402,0.035349998623132706
logit,86,0.5591530962972758,0.16593647316538881,0.09439553996958151,0.26703042007061406,1.1455716583317326
xgb,86,0.5954370742614205,0.18565169769989048,0.09220145642757416,0.07866227626800537,0.036012645810842514
logit,87,0.5496425112254781,0.20153340635268346,0.13398430851941884,0.42724094878779517,1.6265980969143359
xgb,87,0.6117031502358973,0.20810514786418402,0.10759624093770981,0.1151321530342102,0.04450651630759239
logit,88,0.5280266546177216,0.19441401971522454,0.1428127894213466,0.40319491314010947,2.465210913467663
xgb,88,0.5943191182719071,0.2475355969331873,0.11773370951414108,0.08151310682296753,0.03698799014091492
logit,89,0.5766461075417335,0.11336254107338445,0.06605320520577233,0.10126744363366158,0.6519756775269936
xgb,89,0.6151953851560424,0.16976998904709747,0.08585746586322784,0.0627318024635315,0.032341472804546356
logit,90,0.5988729828118858,0.2157721796276013,0.15149532041290642,0.29646901546430826,1.656352969986364
xgb,90,0.6064329612119476,0.2573932092004381,0.12973380088806152,0.12038713693618774,0.04614139720797539
logit,91,0.568262049863531,0.20481927710843373,0.12484220516191076,0.3088425901930215,1.2847325933430365
xgb,91,0.5968942129553099,0.22070098576122674,0.10596401989459991,0.08147072792053223,0.03690456598997116
logit,92,0.593088509543034,0.29353778751369114,0.1922353853838759,0.39451863137276644,1.6500488180532698
xgb,92,0.6050541896410908,0.22727272727272727,0.12568195164203644,0.10693418979644775,0.04238427057862282
logit,93,0.6060839826171925,0.2415115005476451,0.16498563768225552,0.5497731149129249,2.3244819331991597
xgb,93,0.6290333048028026,0.2677984665936473,0.12705233693122864,0.08485722541809082,0.03794467821717262
logit,94,0.596038297033437,0.1746987951807229,0.09504238009427828,0.2678183418148036,1.0825577031205016
xgb,94,0.6221933243456039,0.1976998904709748,0.09714290499687195,0.06267410516738892,0.032060716301202774
logit,95,0.5681151115078447,0.08433734939759036,0.05363751859291668,0.1507247107207237,0.9438732469415922
xgb,95,0.5884734206881858,0.16374589266155531,0.0798545777797699,0.08975321054458618,0.03869018331170082
logit,96,0.5931178972141712,0.1484118291347207,0.09951258367399671,0.2388489219105313,1.2375716855378474
xgb,96,0.6280635116552727,0.22453450164293537,0.10733773559331894,0.10633325576782227,0.04206811636686325
logit,97,0.6104945822603772,0.12267250821467689,0.06917245249639811,0.1871536955061227,1.0050207079376041
xgb,97,0.6391916431259177,0.18127053669222343,0.08709926903247833,0.06585782766342163,0.0326865129172802
logit,98,0.5674918479824751,0.140197152245345,0.09320677023297932,0.18489338444511827,1.197933674762683
xgb,98,0.5949019737494627,0.20481927710843373,0.09881891310214996,0.10722553730010986,0.04330535978078842
logit,99,0.5954334008025284,0.12431544359255203,0.09644274181596928,0.17715208722593423,1.243063618210438
xgb,99,0.6177827247024192,0.2677984665936473,0.12929128110408783,0.10872828960418701,0.04375098645687103
logit,100,0.5509343442692205,0.21139101861993428,0.1474329907389154,0.6304597966301266,2.407251007526769
xgb,100,0.6122088630767177,0.23603504928806135,0.11775314807891846,0.11557579040527344,0.044890064746141434
logit,101,0.5338050054550865,0.1982475355969332,0.13375868210011904,0.3752323915353595,1.8739344584360407
xgb,101,0.5894150506508756,0.2294633077765608,0.10598722845315933,0.07865041494369507,0.03578716889023781
logit,102,0.5586033019497496,0.16538882803943045,0.11069024695415851,0.27578732354496605,1.6498586988593211
xgb,102,0.6089174439093439,0.2212486308871851,0.10117170959711075,0.09051656723022461,0.03898867964744568
logit,103,0.5799865061610028,0.12267250821467689,0.07468002401956939,0.10163288250700997,0.6552569662175075
xgb,103,0.6213557757181918,0.1900328587075575,0.08921917527914047,0.09473830461502075,0.03946470096707344
logit,104,0.6143382447478722,0.11281489594742607,0.06940843271870369,0.09729947688809071,0.6378130585559153
xgb,104,0.6267533113170697,0.1741511500547645,0.09262681007385254,0.05980539321899414,0.03130193427205086
logit,105,0.5853681234380147,0.14238773274917854,0.09644597198304364,0.18035232183072936,1.200221442191507
xgb,105,0.616468850905324,0.20810514786418402,0.09490703046321869,0.08666282892227173,0.03808802366256714
logit,106,0.5565669812371965,0.18893756845564075,0.11942877292456641,0.22054095312822608,1.0498059749887505
xgb,106,0.6063692879244834,0.21905805038335158,0.11044832319021225,0.0666918158531189,0.0331883430480957
logit,107,0.5424523276872271,0.19386637458926614,0.12878779466215529,0.22415004279965467,1.3896994701549452
xgb,107,0.6215969995187769,0.19934282584884994,0.10135561972856522,0.08529061079025269,0.03739631548523903
logit,108,0.6059480646381827,0.19605695509309967,0.12798431911197886,0.2813258502762558,1.5676049419226512
xgb,108,0.5955840126171068,0.23822562979189485,0.1203940361738205,0.0875195860862732,0.03855924308300018
logit,109,0.5674551133935535,0.09857612267250822,0.07130802713963183,0.21997217403816294,1.1268264736647713
xgb,109,0.6036741935839367,0.1955093099671413,0.0883161723613739,0.07377862930297852,0.034805797040462494
logit,110,0.5911734129739221,0.26506024096385544,0.18013636585431783,0.5375044061374024,2.1116436527896485
xgb,110,0.612028863591002,0.2858707557502738,0.1333337128162384,0.09822195768356323,0.04039556905627251
logit,111,0.5331731705256353,0.18893756845564075,0.11824903036040754,0.2994217095086903,1.2929943863450957
xgb,111,0.5899728041593351,0.2031763417305586,0.10287565737962723,0.09785276651382446,0.040473707020282745
logit,112,0.5744714198775759,0.14403066812705367,0.08469596283641265,0.18393420347684153,1.0091980696808152
xgb,112,0.5836758833750271,0.22562979189485213,0.10843637585639954,0.0878758430480957,0.03829473257064819
logit,113,0.5578649367124258,0.21631982475355968,0.1439257974120121,0.4501963299380527,2.0130070612361264
xgb,113,0.5992611449681572,0.23274917853231106,0.12071027606725693,0.11678433418273926,0.044445108622312546
logit,114,0.55093924221441,0.1927710843373494,0.11809055834894462,0.25072809621982195,1.2184694167135297
xgb,114,0.5911819843780038,0.2294633077765608,0.11162765324115753,0.07841449975967407,0.03644361346960068
logit,115,0.595302380768708,0.11993428258488499,0.07287308323315908,0.1424571811921308,0.9088017742016335
xgb,115,0.6266651483036579,0.18893756845564075,0.09000188857316971,0.06258785724639893,0.03204553201794624
logit,116,0.5866452626461883,0.17250821467688937,0.09229069677558456,0.21995216667145534,0.9718862563830559
xgb,116,0.6018509334871288,0.17853231106243153,0.09121328592300415,0.09257906675338745,0.03981979563832283
logit,117,0.5865644465505608,0.15498357064622126,0.09564147664790115,0.1276837023263474,0.7723889727677222
xgb,117,0.5857397550292713,0.2294633077765608,0.11315637081861496,0.06831824779510498,0.03342459350824356
logit,118,0.5637167567276339,0.25903614457831325,0.16520600763809254,0.3287131347236094,1.4796679309692893
xgb,118,0.5918701456771348,0.24260679079956188,0.12386792153120041,0.10338646173477173,0.0415923111140728
logit,119,0.6106733572597955,0.18674698795180722,0.1274092634262242,0.37280017745231997,1.5801464543976427
xgb,119,0.6325683967433562,0.21960569550930997,0.10961441695690155,0.1288633942604065,0.0472857803106308
logit,120,0.5574253461316641,0.14403066812705367,0.08567931127386429,0.19122202448592152,1.1420096765710586
xgb,120,0.5847069008374262,0.21467688937568455,0.10182888805866241,0.06437784433364868,0.0325210802257061
logit,121,0.5980525769926371,0.21741511500547644,0.1332668216955098,0.2429053667876807,1.2936140514385877
xgb,121,0.622675771946774,0.2185104052573932,0.1186998263001442,0.10309058427810669,0.0418790765106678
logit,122,0.599704409007811,0.13581599123767799,0.09100125002786569,0.14621287374553038,0.9217819712142952
xgb,122,0.6402349054512906,0.20262869660460023,0.1007624939084053,0.08811801671981812,0.0382395014166832
logit,123,0.5815232364642223,0.12869660460021906,0.08792784087818677,0.21448723137158165,1.2680237226341995
xgb,123,0.61995128993509,0.23329682365826945,0.10767117887735367,0.14808756113052368,0.05220083147287369
logit,124,0.607052551278425,0.12705366922234393,0.07055346597417825,0.1509877019971777,0.8930405243466577
xgb,124,0.6296651397322539,0.19660460021905804,0.09169092774391174,0.1342725157737732,0.04864345118403435
logit,125,0.5522849526552374,0.16210295728368018,0.1032890716516548,0.31646862255730324,1.788612886179091
xgb,125,0.6062676555618005,0.20481927710843373,0.09923610836267471,0.07497572898864746,0.035690490156412125
logit,126,0.5677624594541975,0.17798466593647316,0.1177188023157454,0.5047330043706575,1.9990837604842213
xgb,126,0.6351643076938147,0.21412924424972618,0.10979587584733963,0.08183050155639648,0.03678205609321594
logit,127,0.5976546189459867,0.17250821467688937,0.11940131255951593,0.20177533345804832,1.1840370368323239
xgb,127,0.6048350065938587,0.21303395399780942,0.10591690242290497,0.09061980247497559,0.03884776309132576
logit,128,0.5708628587591791,0.1714129244249726,0.12048057972277701,0.30805921572469286,1.5354943555036291
xgb,128,0.6163843613508043,0.2322015334063527,0.11543811857700348,0.08453547954559326,0.03770781680941582
logit,129,0.62626596577071,0.21796276013143484,0.13676184037545902,0.2717182152346522,1.333739390610602
xgb,129,0.619488434114678,0.21193866374589265,0.11309472471475601,0.09206521511077881,0.039316192269325256
logit,130,0.5675371539754785,0.12924424972617743,0.09193986646104502,0.22479107585438163,1.1982122931435786
xgb,130,0.6067966336422712,0.21522453450164294,0.10678834468126297,0.12062597274780273,0.04606669768691063
logit,131,0.5903811703395133,0.2524644030668127,0.15936226550840188,0.45042307223272615,1.9728002876870205
xgb,131,0.6163561981659644,0.25629791894852133,0.136102095246315,0.09774672985076904,0.03999587520956993
logit,132,0.610750499896531,0.21029572836801752,0.13539276704493206,0.3134939706258414,1.5295600499520765
xgb,132,0.6054215355303066,0.22453450164293537,0.11401048302650452,0.09078818559646606,0.03954574093222618
logit,133,0.5764893732956682,0.13691128148959475,0.08593675738963916,0.12973232089423725,0.820740539294254
xgb,133,0.6153900784773269,0.22179627601314347,0.10824977606534958,0.1744992733001709,0.05814170464873314
logit,134,0.5422098794003446,0.17031763417305587,0.1050936552571163,0.24149641750104667,1.3159850754231557
xgb,134,0.56260369868331,0.23329682365826945,0.10953135043382645,0.10346180200576782,0.041904058307409286
logit,135,0.5637669606658267,0.11829134720700986,0.07874036986770246,0.2178923632587565,1.0468452079289963
xgb,135,0.5786407957201755,0.19660460021905804,0.08995112031698227,0.06559747457504272,0.032781001180410385
logit,136,0.563542879673405,0.17305585980284777,0.10294500157330039,0.18352234478393437,0.9268420673643711
xgb,136,0.5871852611033357,0.18565169769989048,0.08980491757392883,0.09338408708572388,0.03973659873008728
logit,137,0.5375898926003069,0.20153340635268346,0.12952040112470264,0.32559653371330644,1.5286446526399706
xgb,137,0.5949044227220576,0.23055859802847756,0.12460065633058548,0.11618173122406006,0.04454241693019867
logit,138,0.529902567625317,0.1801752464403067,0.12404633909124246,0.3900982637313337,2.245344186566173
xgb,138,0.6059566360422645,0.22508214676889376,0.10883768647909164,0.08966875076293945,0.03925072401762009
logit,139,0.6021913406778021,0.13691128148959475,0.08067027650815994,0.19429258472748967,0.9504100364869696
xgb,139,0.6300447304844435,0.19058050383351588,0.10249442607164383,0.06835222244262695,0.033383894711732864
logit,140,0.5420164105653575,0.27710843373493976,0.21102561623199492,0.31932353933714286,2.7269693850214503
xgb,140,0.587078730795463,0.26944140197152244,0.14852014183998108,0.12248092889785767,0.046003714203834534
logit,141,0.594731770154126,0.192223439211391,0.10999238519696079,0.3031715231904262,1.1362200813746826
xgb,141,0.604385620122718,0.20810514786418402,0.11173565685749054,0.0996321439743042,0.04087522253394127
logit,142,0.5362968350702672,0.1774370208105148,0.10472408852942512,0.2852915698129116,1.1577996187937865
xgb,142,0.5439768131274727,0.2289156626506024,0.11144890636205673,0.09073412418365479,0.038765594363212585
logit,143,0.563016350565529,0.1429353778751369,0.100105634948173,0.29154575118735326,1.393447412464122
xgb,143,0.5765518220968349,0.18893756845564075,0.09553370624780655,0.07074767351150513,0.03412933647632599
logit,144,0.6062676555618004,0.2469879518072289,0.15581990363363904,0.4956994422243597,2.0257921904230067
xgb,144,0.6380700136775119,0.22562979189485213,0.11906974762678146,0.12462538480758667,0.045712877064943314
logit,145,0.5621702305340351,0.18948521358159912,0.11230973768949061,0.30076586788609383,1.4896779482482894
xgb,145,0.5787975299662409,0.21522453450164294,0.10480819642543793,0.09022223949432373,0.03990800306200981
logit,146,0.6040831720072637,0.1741511500547645,0.1183007716709215,0.3451888674575566,1.6591374888759767
xgb,146,0.6179859894277854,0.21193866374589265,0.10696728527545929,0.09171402454376221,0.03951270505785942
logit,147,0.5766816176443578,0.09090909090909091,0.04870730827576449,0.12367061738345897,0.8027842693319095
xgb,147,0.6266504544680892,0.14403066812705367,0.07582592219114304,0.0566897988319397,0.030445344746112823
logit,148,0.5567800418529416,0.17907995618838993,0.10673577775603352,0.17388848704170323,0.9314793785013559
xgb,148,0.5716955094414016,0.25410733844468786,0.11674334108829498,0.09507131576538086,0.03983704745769501
logit,149,0.5662771575754681,0.10295728368017525,0.06865623349432165,0.22407447533926872,1.3043188004267803
xgb,149,0.6143039591315453,0.1741511500547645,0.08333896100521088,0.06727612018585205,0.03380721062421799
logit,150,0.5769510046297828,0.1456736035049288,0.08619225969474241,0.28635925058001854,1.2183716067102486
xgb,150,0.600875017908112,0.19660460021905804,0.09258007258176804,0.08406597375869751,0.03699035197496414
logit,151,0.5445706889817049,0.17634173055859803,0.11700380765009277,0.2386388748549635,1.4949581784219184
xgb,151,0.6092554021274225,0.22070098576122674,0.10673534870147705,0.08532029390335083,0.03756866976618767
logit,152,0.5724718337539444,0.192223439211391,0.11117800424081438,0.30133199610105665,1.1458398467368245
xgb,152,0.6140945719746923,0.21139101861993428,0.11113251745700836,0.09038031101226807,0.03887062147259712
logit,153,0.580817932356928,0.22562979189485213,0.17029062245209498,0.4855253014681604,3.1944583004619638
xgb,153,0.6244782157765264,0.26944140197152244,0.1372770071029663,0.07991039752960205,0.036511365324258804
logit,154,0.5947709537156425,0.15717415115005476,0.09799575256455613,0.17970573733126716,1.2466765102388893
xgb,154,0.6275394315199916,0.21686746987951808,0.0953521654009819,0.0867888331413269,0.03798753023147583
logit,155,0.576954678088675,0.1615553121577218,0.12247374204103,0.29668931703186807,1.7693964955024373
xgb,155,0.5994037976218027,0.2732749178532311,0.1279553771018982,0.14140760898590088,0.04983891174197197
logit,156,0.5628877795043035,0.192223439211391,0.12187601568692155,0.34669094629685493,1.4449218306555849
xgb,156,0.616973339259847,0.21139101861993428,0.11803911626338959,0.15279370546340942,0.052466098219156265
logit,157,0.5941685064573284,0.1615553121577218,0.09827272684291624,0.22368496208335864,1.1374183452102786
xgb,157,0.607928058981056,0.20481927710843373,0.10919106751680374,0.06723254919052124,0.03342121094465256
logit,158,0.570723267321277,0.15991237677984665,0.09596337923905225,0.22894048499163777,1.1316685606313754
xgb,158,0.6028133797168743,0.17305585980284777,0.08791208267211914,0.07535910606384277,0.03513266518712044
logit,159,0.5857060816560932,0.2009857612267251,0.12130481601138243,0.2394178776228939,1.1555736615424113
xgb,159,0.6133966147851824,0.2185104052573932,0.10876264423131943,0.1050308346748352,0.04184076935052872
logit,160,0.582483233721373,0.192223439211391,0.10962673341874118,0.3158234238212281,1.455483476136048
xgb,160,0.5984640043885588,0.21686746987951808,0.10440222173929214,0.07978886365890503,0.036138176918029785
logit,161,0.6094243812364618,0.13910186199342825,0.08819652273312781,0.21891545407267876,1.1493842693806395
xgb,161,0.6251835198838207,0.2185104052573932,0.09823806583881378,0.07243603467941284,0.03467278182506561
logit,162,0.5689967416419627,0.10788608981380066,0.07187833722714175,0.24344955291209247,1.3020782693453672
xgb,162,0.6026174619092926,0.18619934282584885,0.08139102160930634,0.07167971134185791,0.03467516973614693
logit,163,0.6023150137938381,0.17031763417305587,0.11509598918735137,0.29482527838892847,1.536112384079685
xgb,163,0.5983684944573628,0.2393209200438116,0.11315575242042542,0.09167331457138062,0.039195772260427475
logit,164,0.5632894110098461,0.16757940854326397,0.11456479759323104,0.20364057230714305,1.4425312305973215
xgb,164,0.6021215449588511,0.2185104052573932,0.10993392020463943,0.07425600290298462,0.03555731847882271
logit,165,0.5869256700082897,0.15553121577217963,0.10214399956051276,0.3815494445327162,1.8821387495446098
xgb,165,0.6206480226383027,0.21248630887185105,0.09644350409507751,0.10974627733230591,0.04279530420899391
logit,166,0.5759799869959555,0.15224534501642936,0.09182212708574751,0.19477271664757356,1.2397976884534432
xgb,166,0.6214678162144026,0.18838992332968238,0.09377387911081314,0.07170963287353516,0.034652478992938995
logit,167,0.5544449464838264,0.11171960569550932,0.07554060997218182,0.0804898116316366,0.6810264269663889
xgb,167,0.6115329466405606,0.18893756845564075,0.09161403775215149,0.06242591142654419,0.03229506313800812
logit,168,0.5873579136712671,0.0963855421686747,0.07520899601443495,0.18787652074615957,1.220166355208173
xgb,168,0.620725165275038,0.19660460021905804,0.09606683254241943,0.06493645906448364,0.03242483735084534
logit,169,0.5897187232526274,0.24534501642935377,0.16567770580061034,0.44033608612160535,1.590012536052839
xgb,169,0.6066239810743398,0.25136911281489593,0.12554492056369781,0.1421666145324707,0.04978916421532631
logit,170,0.5841852696747397,0.059693318729463304,0.032508761887606534,0.03016567719319241,0.349579439270545
xgb,170,0.617160685663347,0.13691128148959475,0.06952674686908722,0.04302948713302612,0.026501186192035675
logit,171,0.5854820006636716,0.14348302300109528,0.08859098902319404,0.17117403792924457,0.857362585831172
xgb,171,0.604972149059166,0.19331872946330778,0.0950365886092186,0.078005850315094,0.036221250891685486
logit,172,0.5857171020327697,0.21139101861993428,0.1380780526277556,0.20490816340268536,1.1176236567759799
xgb,172,0.5881170951756465,0.223986856516977,0.11010342091321945,0.07741665840148926,0.035674914717674255
logit,173,0.5935574877949328,0.19605695509309967,0.11772826282673363,0.4419452146873558,1.5268796815832681
xgb,173,0.6279618792925897,0.2157721796276013,0.11187394708395004,0.07396191358566284,0.03513040766119957
logit,174,0.5615751301935056,0.16538882803943045,0.1125083159643253,0.291696255757779,1.392892901885869
xgb,174,0.6147104885822776,0.2059145673603505,0.09887725859880447,0.13156867027282715,0.04731888324022293
logit,175,0.5820313982776375,0.16374589266155531,0.09055193807431122,0.30481554005312617,1.317644608195101
xgb,175,0.6003142031839093,0.17907995618838993,0.08661165088415146,0.07491296529769897,0.03487406298518181
logit,176,0.6114313142778776,0.1796276013143483,0.11310260359868181,0.3001740273435234,1.299195479535548
xgb,176,0.6301120772307998,0.19112814895947425,0.10064690560102463,0.08409291505813599,0.03771181404590607
logit,177,0.5787338566787769,0.11336254107338445,0.06934698861032657,0.15428926682082733,0.9437819839960364
xgb,177,0.6146835498837351,0.1796276013143483,0.08377660065889359,0.061685919761657715,0.03166583552956581
logit,178,0.5920317778683898,0.21084337349397592,0.148492863919346,0.44822390960018244,2.0452295087358303
xgb,178,0.6124537603361949,0.23603504928806135,0.12261219322681427,0.0862431526184082,0.037925321608781815
logit,179,0.5538033156639961,0.15279299014238773,0.09132042218165236,0.16336264374728504,0.9093167705557365
xgb,179,0.5855787350811651,0.2261774370208105,0.10796888172626495,0.08289289474487305,0.03704656660556793
logit,180,0.5616902319054599,0.17579408543263966,0.10825692452889163,0.2993127052476663,1.347783377333348
xgb,180,0.6229133222884671,0.20427163198247536,0.09556886553764343,0.09698617458343506,0.04003185033798218
logit,181,0.5219556515552812,0.17798466593647316,0.11359601808795242,0.20118002254973377,1.099130142530666
xgb,181,0.5882432172642772,0.2185104052573932,0.11012469977140427,0.1239122748374939,0.04684911668300629
logit,182,0.5871448530555219,0.17360350492880613,0.10992777992592796,0.3081031339221131,1.4262171878602006
xgb,182,0.59267340868822,0.22727272727272727,0.10954849421977997,0.08660233020782471,0.038471437990665436
logit,183,0.5775559008606914,0.15169769989047097,0.0984870121872169,0.25900448010883603,1.2145377275581366
xgb,183,0.5997019600352163,0.2289156626506024,0.11351747065782547,0.07359594106674194,0.035135649144649506
logit,184,0.5809587482811274,0.14786418400876233,0.07954212219341729,0.13147653452534724,0.7173595826147728
xgb,184,0.5807701773913299,0.18893756845564075,0.1006469801068306,0.0773477554321289,0.0356355719268322
logit,185,0.5989978804142193,0.21905805038335158,0.14274091806752645,0.31174723008851235,1.481180944481125
xgb,185,0.6064525529927058,0.23767798466593648,0.11898502707481384,0.08746743202209473,0.03801751136779785
logit,186,0.5421511040580701,0.14676889375684557,0.09368991375470533,0.18353562336663187,1.0514679197748542
xgb,186,0.5902844359220198,0.20755750273822562,0.10840185731649399,0.07228338718414307,0.03449187055230141
logit,187,0.5282837967401726,0.2261774370208105,0.15502124683348922,0.27440305142301213,1.6454812112280586
xgb,187,0.5931717746112563,0.24315443592552027,0.11884584277868271,0.11998456716537476,0.044898245483636856
logit,188,0.5937803443010572,0.20481927710843373,0.12602001683481703,0.3063474290259318,1.236913634709889
xgb,188,0.637511647925904,0.24096385542168675,0.11395242065191269,0.07365530729293823,0.03478989750146866
logit,189,0.5758918239825437,0.17031763417305587,0.10181906855310867,0.2509443400378407,1.0449143311095779
xgb,189,0.6136268182090908,0.18893756845564075,0.09388552606105804,0.07103806734085083,0.03451903164386749
logit,190,0.5347564313081554,0.1588170865279299,0.10671837942193702,0.19898336367162495,1.248629891409132
xgb,190,0.6181941520983409,0.21631982475355968,0.10761081427335739,0.11623293161392212,0.045163460075855255
logit,191,0.6068872456282778,0.16429353778751368,0.11059192523917913,0.28920835048962146,1.2443073653525951
xgb,191,0.6102092769530862,0.22015334063526834,0.1124977320432663,0.09687572717666626,0.03992018848657608
logit,192,0.5978517612398658,0.3559693318729463,0.2600272472632205,0.6386128352984747,3.2039552800763906
xgb,192,0.6197125151070997,0.2672508214676889,0.1497572362422943,0.13088130950927734,0.047928474843502045
logit,193,0.6059713298778331,0.1829134720700986,0.12247423218289553,0.35456029105486286,1.4919540993878833
xgb,193,0.6172402772726773,0.2420591456736035,0.11460792273283005,0.08330929279327393,0.03761608898639679
logit,194,0.5831591501575301,0.12924424972617743,0.08724930502053992,0.10702611604093137,0.7954099312035214
xgb,194,0.615796607928059,0.18948521358159912,0.09069406986236572,0.06924182176589966,0.03404746204614639
logit,195,0.5530380117281297,0.1664841182913472,0.10811370051485956,0.38764853459885407,1.8438298901659298
xgb,195,0.6169598699105757,0.19660460021905804,0.10723576694726944,0.09406226873397827,0.03969373553991318
logit,196,0.5766105974391094,0.10460021905805038,0.06856590728300437,0.12027999842577497,0.7367555188840347
xgb,196,0.6007488958194813,0.1982475355969332,0.09623443335294724,0.0698956847190857,0.033914681524038315
logit,197,0.5678677652757727,0.12814895947426067,0.07992909990917274,0.1772760601095582,0.9131815657696993
xgb,197,0.6029762363944267,0.18784227820372398,0.08642558753490448,0.08098888397216797,0.03667372092604637
logit,198,0.5371845876358721,0.2212486308871851,0.14174498321529608,0.43379264429474995,1.724766547978401
xgb,198,0.5775950844222077,0.2316538882803943,0.11558665335178375,0.08813869953155518,0.037995532155036926
logit,199,0.5854403681295604,0.25848849945235486,0.16922689462599,0.33787066762727047,1.697317700428269
xgb,199,0.5948187086812404,0.2475355969331873,0.13268354535102844,0.09922283887863159,0.04151541367173195
